--
-- PostgreSQL database dump
--

\restrict KV9lJVJWe9euFSzRsx9yOADy3A7gXJLOwcDl9XyZjvtHqoYFWXQgYxuf5bJTUWq

-- Dumped from database version 17.7
-- Dumped by pg_dump version 17.7

SET statement_timeout = 0;
SET lock_timeout = 0;
SET idle_in_transaction_session_timeout = 0;
SET transaction_timeout = 0;
SET client_encoding = 'UTF8';
SET standard_conforming_strings = on;
SELECT pg_catalog.set_config('search_path', '', false);
SET check_function_bodies = false;
SET xmloption = content;
SET client_min_messages = warning;
SET row_security = off;

ALTER TABLE IF EXISTS ONLY public.users DROP CONSTRAINT IF EXISTS users_organization_id_fkey;
ALTER TABLE IF EXISTS ONLY public.user_network_access DROP CONSTRAINT IF EXISTS user_network_access_user_id_fkey;
ALTER TABLE IF EXISTS ONLY public.user_network_access DROP CONSTRAINT IF EXISTS user_network_access_network_id_fkey;
ALTER TABLE IF EXISTS ONLY public.user_api_keys DROP CONSTRAINT IF EXISTS user_api_keys_user_id_fkey;
ALTER TABLE IF EXISTS ONLY public.user_api_keys DROP CONSTRAINT IF EXISTS user_api_keys_organization_id_fkey;
ALTER TABLE IF EXISTS ONLY public.user_api_key_network_access DROP CONSTRAINT IF EXISTS user_api_key_network_access_network_id_fkey;
ALTER TABLE IF EXISTS ONLY public.user_api_key_network_access DROP CONSTRAINT IF EXISTS user_api_key_network_access_api_key_id_fkey;
ALTER TABLE IF EXISTS ONLY public.topologies DROP CONSTRAINT IF EXISTS topologies_network_id_fkey;
ALTER TABLE IF EXISTS ONLY public.tags DROP CONSTRAINT IF EXISTS tags_organization_id_fkey;
ALTER TABLE IF EXISTS ONLY public.subnets DROP CONSTRAINT IF EXISTS subnets_network_id_fkey;
ALTER TABLE IF EXISTS ONLY public.shares DROP CONSTRAINT IF EXISTS shares_topology_id_fkey;
ALTER TABLE IF EXISTS ONLY public.shares DROP CONSTRAINT IF EXISTS shares_network_id_fkey;
ALTER TABLE IF EXISTS ONLY public.shares DROP CONSTRAINT IF EXISTS shares_created_by_fkey;
ALTER TABLE IF EXISTS ONLY public.services DROP CONSTRAINT IF EXISTS services_network_id_fkey;
ALTER TABLE IF EXISTS ONLY public.services DROP CONSTRAINT IF EXISTS services_host_id_fkey;
ALTER TABLE IF EXISTS ONLY public.ports DROP CONSTRAINT IF EXISTS ports_network_id_fkey;
ALTER TABLE IF EXISTS ONLY public.ports DROP CONSTRAINT IF EXISTS ports_host_id_fkey;
ALTER TABLE IF EXISTS ONLY public.networks DROP CONSTRAINT IF EXISTS organization_id_fkey;
ALTER TABLE IF EXISTS ONLY public.invites DROP CONSTRAINT IF EXISTS invites_organization_id_fkey;
ALTER TABLE IF EXISTS ONLY public.invites DROP CONSTRAINT IF EXISTS invites_created_by_fkey;
ALTER TABLE IF EXISTS ONLY public.interfaces DROP CONSTRAINT IF EXISTS interfaces_subnet_id_fkey;
ALTER TABLE IF EXISTS ONLY public.interfaces DROP CONSTRAINT IF EXISTS interfaces_network_id_fkey;
ALTER TABLE IF EXISTS ONLY public.interfaces DROP CONSTRAINT IF EXISTS interfaces_host_id_fkey;
ALTER TABLE IF EXISTS ONLY public.hosts DROP CONSTRAINT IF EXISTS hosts_network_id_fkey;
ALTER TABLE IF EXISTS ONLY public.groups DROP CONSTRAINT IF EXISTS groups_network_id_fkey;
ALTER TABLE IF EXISTS ONLY public.group_bindings DROP CONSTRAINT IF EXISTS group_bindings_group_id_fkey;
ALTER TABLE IF EXISTS ONLY public.group_bindings DROP CONSTRAINT IF EXISTS group_bindings_binding_id_fkey;
ALTER TABLE IF EXISTS ONLY public.entity_tags DROP CONSTRAINT IF EXISTS entity_tags_tag_id_fkey;
ALTER TABLE IF EXISTS ONLY public.discovery DROP CONSTRAINT IF EXISTS discovery_network_id_fkey;
ALTER TABLE IF EXISTS ONLY public.discovery DROP CONSTRAINT IF EXISTS discovery_daemon_id_fkey;
ALTER TABLE IF EXISTS ONLY public.daemons DROP CONSTRAINT IF EXISTS daemons_user_id_fkey;
ALTER TABLE IF EXISTS ONLY public.daemons DROP CONSTRAINT IF EXISTS daemons_network_id_fkey;
ALTER TABLE IF EXISTS ONLY public.bindings DROP CONSTRAINT IF EXISTS bindings_service_id_fkey;
ALTER TABLE IF EXISTS ONLY public.bindings DROP CONSTRAINT IF EXISTS bindings_port_id_fkey;
ALTER TABLE IF EXISTS ONLY public.bindings DROP CONSTRAINT IF EXISTS bindings_network_id_fkey;
ALTER TABLE IF EXISTS ONLY public.bindings DROP CONSTRAINT IF EXISTS bindings_interface_id_fkey;
ALTER TABLE IF EXISTS ONLY public.api_keys DROP CONSTRAINT IF EXISTS api_keys_network_id_fkey;
DROP TRIGGER IF EXISTS reassign_daemons_before_user_delete ON public.users;
DROP INDEX IF EXISTS public.idx_users_password_reset_token;
DROP INDEX IF EXISTS public.idx_users_organization;
DROP INDEX IF EXISTS public.idx_users_oidc_provider_subject;
DROP INDEX IF EXISTS public.idx_users_email_verification_token;
DROP INDEX IF EXISTS public.idx_users_email_lower;
DROP INDEX IF EXISTS public.idx_user_network_access_user;
DROP INDEX IF EXISTS public.idx_user_network_access_network;
DROP INDEX IF EXISTS public.idx_user_api_keys_user;
DROP INDEX IF EXISTS public.idx_user_api_keys_org;
DROP INDEX IF EXISTS public.idx_user_api_keys_key;
DROP INDEX IF EXISTS public.idx_user_api_key_network_access_network;
DROP INDEX IF EXISTS public.idx_user_api_key_network_access_key;
DROP INDEX IF EXISTS public.idx_topologies_network;
DROP INDEX IF EXISTS public.idx_tags_organization;
DROP INDEX IF EXISTS public.idx_tags_org_name;
DROP INDEX IF EXISTS public.idx_subnets_network;
DROP INDEX IF EXISTS public.idx_shares_topology;
DROP INDEX IF EXISTS public.idx_shares_network;
DROP INDEX IF EXISTS public.idx_shares_enabled;
DROP INDEX IF EXISTS public.idx_services_network;
DROP INDEX IF EXISTS public.idx_services_host_position;
DROP INDEX IF EXISTS public.idx_services_host_id;
DROP INDEX IF EXISTS public.idx_ports_number;
DROP INDEX IF EXISTS public.idx_ports_network;
DROP INDEX IF EXISTS public.idx_ports_host;
DROP INDEX IF EXISTS public.idx_organizations_stripe_customer;
DROP INDEX IF EXISTS public.idx_networks_owner_organization;
DROP INDEX IF EXISTS public.idx_invites_organization;
DROP INDEX IF EXISTS public.idx_invites_expires_at;
DROP INDEX IF EXISTS public.idx_interfaces_subnet;
DROP INDEX IF EXISTS public.idx_interfaces_network;
DROP INDEX IF EXISTS public.idx_interfaces_host_mac;
DROP INDEX IF EXISTS public.idx_interfaces_host;
DROP INDEX IF EXISTS public.idx_hosts_network;
DROP INDEX IF EXISTS public.idx_groups_network;
DROP INDEX IF EXISTS public.idx_group_bindings_group;
DROP INDEX IF EXISTS public.idx_group_bindings_binding;
DROP INDEX IF EXISTS public.idx_entity_tags_tag_id;
DROP INDEX IF EXISTS public.idx_entity_tags_entity;
DROP INDEX IF EXISTS public.idx_discovery_network;
DROP INDEX IF EXISTS public.idx_discovery_daemon;
DROP INDEX IF EXISTS public.idx_daemons_network;
DROP INDEX IF EXISTS public.idx_daemon_host_id;
DROP INDEX IF EXISTS public.idx_bindings_service;
DROP INDEX IF EXISTS public.idx_bindings_port;
DROP INDEX IF EXISTS public.idx_bindings_network;
DROP INDEX IF EXISTS public.idx_bindings_interface;
DROP INDEX IF EXISTS public.idx_api_keys_network;
DROP INDEX IF EXISTS public.idx_api_keys_key;
ALTER TABLE IF EXISTS ONLY tower_sessions.session DROP CONSTRAINT IF EXISTS session_pkey;
ALTER TABLE IF EXISTS ONLY public.users DROP CONSTRAINT IF EXISTS users_pkey;
ALTER TABLE IF EXISTS ONLY public.user_network_access DROP CONSTRAINT IF EXISTS user_network_access_user_id_network_id_key;
ALTER TABLE IF EXISTS ONLY public.user_network_access DROP CONSTRAINT IF EXISTS user_network_access_pkey;
ALTER TABLE IF EXISTS ONLY public.user_api_keys DROP CONSTRAINT IF EXISTS user_api_keys_pkey;
ALTER TABLE IF EXISTS ONLY public.user_api_keys DROP CONSTRAINT IF EXISTS user_api_keys_key_key;
ALTER TABLE IF EXISTS ONLY public.user_api_key_network_access DROP CONSTRAINT IF EXISTS user_api_key_network_access_pkey;
ALTER TABLE IF EXISTS ONLY public.user_api_key_network_access DROP CONSTRAINT IF EXISTS user_api_key_network_access_api_key_id_network_id_key;
ALTER TABLE IF EXISTS ONLY public.topologies DROP CONSTRAINT IF EXISTS topologies_pkey;
ALTER TABLE IF EXISTS ONLY public.tags DROP CONSTRAINT IF EXISTS tags_pkey;
ALTER TABLE IF EXISTS ONLY public.subnets DROP CONSTRAINT IF EXISTS subnets_pkey;
ALTER TABLE IF EXISTS ONLY public.shares DROP CONSTRAINT IF EXISTS shares_pkey;
ALTER TABLE IF EXISTS ONLY public.services DROP CONSTRAINT IF EXISTS services_pkey;
ALTER TABLE IF EXISTS ONLY public.ports DROP CONSTRAINT IF EXISTS ports_pkey;
ALTER TABLE IF EXISTS ONLY public.ports DROP CONSTRAINT IF EXISTS ports_host_id_port_number_protocol_key;
ALTER TABLE IF EXISTS ONLY public.organizations DROP CONSTRAINT IF EXISTS organizations_pkey;
ALTER TABLE IF EXISTS ONLY public.networks DROP CONSTRAINT IF EXISTS networks_pkey;
ALTER TABLE IF EXISTS ONLY public.invites DROP CONSTRAINT IF EXISTS invites_pkey;
ALTER TABLE IF EXISTS ONLY public.interfaces DROP CONSTRAINT IF EXISTS interfaces_pkey;
ALTER TABLE IF EXISTS ONLY public.interfaces DROP CONSTRAINT IF EXISTS interfaces_host_id_subnet_id_ip_address_key;
ALTER TABLE IF EXISTS ONLY public.hosts DROP CONSTRAINT IF EXISTS hosts_pkey;
ALTER TABLE IF EXISTS ONLY public.groups DROP CONSTRAINT IF EXISTS groups_pkey;
ALTER TABLE IF EXISTS ONLY public.group_bindings DROP CONSTRAINT IF EXISTS group_bindings_pkey;
ALTER TABLE IF EXISTS ONLY public.group_bindings DROP CONSTRAINT IF EXISTS group_bindings_group_id_binding_id_key;
ALTER TABLE IF EXISTS ONLY public.entity_tags DROP CONSTRAINT IF EXISTS entity_tags_pkey;
ALTER TABLE IF EXISTS ONLY public.entity_tags DROP CONSTRAINT IF EXISTS entity_tags_entity_id_entity_type_tag_id_key;
ALTER TABLE IF EXISTS ONLY public.discovery DROP CONSTRAINT IF EXISTS discovery_pkey;
ALTER TABLE IF EXISTS ONLY public.daemons DROP CONSTRAINT IF EXISTS daemons_pkey;
ALTER TABLE IF EXISTS ONLY public.bindings DROP CONSTRAINT IF EXISTS bindings_pkey;
ALTER TABLE IF EXISTS ONLY public.api_keys DROP CONSTRAINT IF EXISTS api_keys_pkey;
ALTER TABLE IF EXISTS ONLY public.api_keys DROP CONSTRAINT IF EXISTS api_keys_key_key;
ALTER TABLE IF EXISTS ONLY public._sqlx_migrations DROP CONSTRAINT IF EXISTS _sqlx_migrations_pkey;
DROP TABLE IF EXISTS tower_sessions.session;
DROP TABLE IF EXISTS public.users;
DROP TABLE IF EXISTS public.user_network_access;
DROP TABLE IF EXISTS public.user_api_keys;
DROP TABLE IF EXISTS public.user_api_key_network_access;
DROP TABLE IF EXISTS public.topologies;
DROP TABLE IF EXISTS public.tags;
DROP TABLE IF EXISTS public.subnets;
DROP TABLE IF EXISTS public.shares;
DROP TABLE IF EXISTS public.services;
DROP TABLE IF EXISTS public.ports;
DROP TABLE IF EXISTS public.organizations;
DROP TABLE IF EXISTS public.networks;
DROP TABLE IF EXISTS public.invites;
DROP TABLE IF EXISTS public.interfaces;
DROP TABLE IF EXISTS public.hosts;
DROP TABLE IF EXISTS public.groups;
DROP TABLE IF EXISTS public.group_bindings;
DROP TABLE IF EXISTS public.entity_tags;
DROP TABLE IF EXISTS public.discovery;
DROP TABLE IF EXISTS public.daemons;
DROP TABLE IF EXISTS public.bindings;
DROP TABLE IF EXISTS public.api_keys;
DROP TABLE IF EXISTS public._sqlx_migrations;
DROP FUNCTION IF EXISTS public.reassign_daemons_on_user_delete();
DROP EXTENSION IF EXISTS pgcrypto;
DROP SCHEMA IF EXISTS tower_sessions;
--
-- Name: tower_sessions; Type: SCHEMA; Schema: -; Owner: postgres
--

CREATE SCHEMA tower_sessions;


ALTER SCHEMA tower_sessions OWNER TO postgres;

--
-- Name: pgcrypto; Type: EXTENSION; Schema: -; Owner: -
--

CREATE EXTENSION IF NOT EXISTS pgcrypto WITH SCHEMA public;


--
-- Name: EXTENSION pgcrypto; Type: COMMENT; Schema: -; Owner: 
--

COMMENT ON EXTENSION pgcrypto IS 'cryptographic functions';


--
-- Name: reassign_daemons_on_user_delete(); Type: FUNCTION; Schema: public; Owner: postgres
--

CREATE FUNCTION public.reassign_daemons_on_user_delete() RETURNS trigger
    LANGUAGE plpgsql
    AS $$
DECLARE
    new_owner_id UUID;
BEGIN
    SELECT id INTO new_owner_id
    FROM users
    WHERE organization_id = OLD.organization_id
      AND permissions = 'Owner'
      AND id != OLD.id
    ORDER BY created_at ASC
    LIMIT 1;

    IF new_owner_id IS NOT NULL THEN
        UPDATE daemons
        SET user_id = new_owner_id
        WHERE user_id = OLD.id;
    END IF;

    RETURN OLD;
END;
$$;


ALTER FUNCTION public.reassign_daemons_on_user_delete() OWNER TO postgres;

SET default_tablespace = '';

SET default_table_access_method = heap;

--
-- Name: _sqlx_migrations; Type: TABLE; Schema: public; Owner: postgres
--

CREATE TABLE public._sqlx_migrations (
    version bigint NOT NULL,
    description text NOT NULL,
    installed_on timestamp with time zone DEFAULT now() NOT NULL,
    success boolean NOT NULL,
    checksum bytea NOT NULL,
    execution_time bigint NOT NULL
);


ALTER TABLE public._sqlx_migrations OWNER TO postgres;

--
-- Name: api_keys; Type: TABLE; Schema: public; Owner: postgres
--

CREATE TABLE public.api_keys (
    id uuid NOT NULL,
    key text NOT NULL,
    network_id uuid NOT NULL,
    name text NOT NULL,
    created_at timestamp with time zone DEFAULT now() NOT NULL,
    updated_at timestamp with time zone DEFAULT now() NOT NULL,
    last_used timestamp with time zone,
    expires_at timestamp with time zone,
    is_enabled boolean DEFAULT true NOT NULL
);


ALTER TABLE public.api_keys OWNER TO postgres;

--
-- Name: bindings; Type: TABLE; Schema: public; Owner: postgres
--

CREATE TABLE public.bindings (
    id uuid NOT NULL,
    network_id uuid NOT NULL,
    service_id uuid NOT NULL,
    binding_type text NOT NULL,
    interface_id uuid,
    port_id uuid,
    created_at timestamp with time zone DEFAULT now() NOT NULL,
    updated_at timestamp with time zone DEFAULT now() NOT NULL,
    CONSTRAINT bindings_binding_type_check CHECK ((binding_type = ANY (ARRAY['Interface'::text, 'Port'::text]))),
    CONSTRAINT valid_binding CHECK ((((binding_type = 'Interface'::text) AND (interface_id IS NOT NULL) AND (port_id IS NULL)) OR ((binding_type = 'Port'::text) AND (port_id IS NOT NULL))))
);


ALTER TABLE public.bindings OWNER TO postgres;

--
-- Name: daemons; Type: TABLE; Schema: public; Owner: postgres
--

CREATE TABLE public.daemons (
    id uuid NOT NULL,
    network_id uuid NOT NULL,
    host_id uuid NOT NULL,
    created_at timestamp with time zone NOT NULL,
    last_seen timestamp with time zone NOT NULL,
    capabilities jsonb DEFAULT '{}'::jsonb,
    updated_at timestamp with time zone DEFAULT now() NOT NULL,
    mode text DEFAULT '"Push"'::text,
    url text NOT NULL,
    name text,
    version text,
    user_id uuid NOT NULL
);


ALTER TABLE public.daemons OWNER TO postgres;

--
-- Name: discovery; Type: TABLE; Schema: public; Owner: postgres
--

CREATE TABLE public.discovery (
    id uuid NOT NULL,
    network_id uuid NOT NULL,
    daemon_id uuid NOT NULL,
    run_type jsonb NOT NULL,
    discovery_type jsonb NOT NULL,
    name text NOT NULL,
    created_at timestamp with time zone NOT NULL,
    updated_at timestamp with time zone NOT NULL
);


ALTER TABLE public.discovery OWNER TO postgres;

--
-- Name: entity_tags; Type: TABLE; Schema: public; Owner: postgres
--

CREATE TABLE public.entity_tags (
    id uuid DEFAULT gen_random_uuid() NOT NULL,
    entity_id uuid NOT NULL,
    entity_type character varying(50) NOT NULL,
    tag_id uuid NOT NULL,
    created_at timestamp with time zone DEFAULT now() NOT NULL
);


ALTER TABLE public.entity_tags OWNER TO postgres;

--
-- Name: group_bindings; Type: TABLE; Schema: public; Owner: postgres
--

CREATE TABLE public.group_bindings (
    id uuid DEFAULT gen_random_uuid() NOT NULL,
    group_id uuid NOT NULL,
    binding_id uuid NOT NULL,
    "position" integer NOT NULL,
    created_at timestamp with time zone DEFAULT now() NOT NULL
);


ALTER TABLE public.group_bindings OWNER TO postgres;

--
-- Name: groups; Type: TABLE; Schema: public; Owner: postgres
--

CREATE TABLE public.groups (
    id uuid NOT NULL,
    network_id uuid NOT NULL,
    name text NOT NULL,
    description text,
    created_at timestamp with time zone NOT NULL,
    updated_at timestamp with time zone NOT NULL,
    source jsonb NOT NULL,
    color text NOT NULL,
    edge_style text DEFAULT '"SmoothStep"'::text,
    group_type text NOT NULL
);


ALTER TABLE public.groups OWNER TO postgres;

--
-- Name: hosts; Type: TABLE; Schema: public; Owner: postgres
--

CREATE TABLE public.hosts (
    id uuid NOT NULL,
    network_id uuid NOT NULL,
    name text NOT NULL,
    hostname text,
    description text,
    source jsonb NOT NULL,
    virtualization jsonb,
    created_at timestamp with time zone NOT NULL,
    updated_at timestamp with time zone NOT NULL,
    hidden boolean DEFAULT false
);


ALTER TABLE public.hosts OWNER TO postgres;

--
-- Name: interfaces; Type: TABLE; Schema: public; Owner: postgres
--

CREATE TABLE public.interfaces (
    id uuid NOT NULL,
    network_id uuid NOT NULL,
    host_id uuid NOT NULL,
    subnet_id uuid NOT NULL,
    ip_address inet NOT NULL,
    mac_address macaddr,
    name text,
    "position" integer DEFAULT 0 NOT NULL,
    created_at timestamp with time zone DEFAULT now() NOT NULL,
    updated_at timestamp with time zone DEFAULT now() NOT NULL
);


ALTER TABLE public.interfaces OWNER TO postgres;

--
-- Name: invites; Type: TABLE; Schema: public; Owner: postgres
--

CREATE TABLE public.invites (
    id uuid NOT NULL,
    organization_id uuid NOT NULL,
    permissions text NOT NULL,
    network_ids uuid[] NOT NULL,
    url text NOT NULL,
    created_by uuid NOT NULL,
    created_at timestamp with time zone NOT NULL,
    updated_at timestamp with time zone NOT NULL,
    expires_at timestamp with time zone NOT NULL,
    send_to text
);


ALTER TABLE public.invites OWNER TO postgres;

--
-- Name: networks; Type: TABLE; Schema: public; Owner: postgres
--

CREATE TABLE public.networks (
    id uuid NOT NULL,
    name text NOT NULL,
    created_at timestamp with time zone NOT NULL,
    updated_at timestamp with time zone NOT NULL,
    organization_id uuid NOT NULL
);


ALTER TABLE public.networks OWNER TO postgres;

--
-- Name: COLUMN networks.organization_id; Type: COMMENT; Schema: public; Owner: postgres
--

COMMENT ON COLUMN public.networks.organization_id IS 'The organization that owns and pays for this network';


--
-- Name: organizations; Type: TABLE; Schema: public; Owner: postgres
--

CREATE TABLE public.organizations (
    id uuid DEFAULT gen_random_uuid() NOT NULL,
    name text NOT NULL,
    stripe_customer_id text,
    plan jsonb NOT NULL,
    plan_status text,
    created_at timestamp with time zone DEFAULT now() NOT NULL,
    updated_at timestamp with time zone DEFAULT now() NOT NULL,
    onboarding jsonb DEFAULT '[]'::jsonb
);


ALTER TABLE public.organizations OWNER TO postgres;

--
-- Name: TABLE organizations; Type: COMMENT; Schema: public; Owner: postgres
--

COMMENT ON TABLE public.organizations IS 'Organizations that own networks and have Stripe subscriptions';


--
-- Name: COLUMN organizations.plan; Type: COMMENT; Schema: public; Owner: postgres
--

COMMENT ON COLUMN public.organizations.plan IS 'The current billing plan for the organization (e.g., Community, Pro)';


--
-- Name: ports; Type: TABLE; Schema: public; Owner: postgres
--

CREATE TABLE public.ports (
    id uuid NOT NULL,
    network_id uuid NOT NULL,
    host_id uuid NOT NULL,
    port_number integer NOT NULL,
    protocol text NOT NULL,
    port_type text NOT NULL,
    created_at timestamp with time zone DEFAULT now() NOT NULL,
    updated_at timestamp with time zone DEFAULT now() NOT NULL,
    CONSTRAINT ports_port_number_check CHECK (((port_number >= 0) AND (port_number <= 65535))),
    CONSTRAINT ports_protocol_check CHECK ((protocol = ANY (ARRAY['Tcp'::text, 'Udp'::text])))
);


ALTER TABLE public.ports OWNER TO postgres;

--
-- Name: services; Type: TABLE; Schema: public; Owner: postgres
--

CREATE TABLE public.services (
    id uuid NOT NULL,
    network_id uuid NOT NULL,
    created_at timestamp with time zone NOT NULL,
    updated_at timestamp with time zone NOT NULL,
    name text NOT NULL,
    host_id uuid NOT NULL,
    service_definition text NOT NULL,
    virtualization jsonb,
    source jsonb NOT NULL,
    "position" integer DEFAULT 0 NOT NULL
);


ALTER TABLE public.services OWNER TO postgres;

--
-- Name: shares; Type: TABLE; Schema: public; Owner: postgres
--

CREATE TABLE public.shares (
    id uuid DEFAULT gen_random_uuid() NOT NULL,
    topology_id uuid NOT NULL,
    network_id uuid NOT NULL,
    created_by uuid NOT NULL,
    name text NOT NULL,
    is_enabled boolean DEFAULT true NOT NULL,
    expires_at timestamp with time zone,
    password_hash text,
    allowed_domains text[],
    options jsonb NOT NULL,
    created_at timestamp with time zone DEFAULT now() NOT NULL,
    updated_at timestamp with time zone DEFAULT now() NOT NULL
);


ALTER TABLE public.shares OWNER TO postgres;

--
-- Name: subnets; Type: TABLE; Schema: public; Owner: postgres
--

CREATE TABLE public.subnets (
    id uuid NOT NULL,
    network_id uuid NOT NULL,
    created_at timestamp with time zone NOT NULL,
    updated_at timestamp with time zone NOT NULL,
    cidr text NOT NULL,
    name text NOT NULL,
    description text,
    subnet_type text NOT NULL,
    source jsonb NOT NULL
);


ALTER TABLE public.subnets OWNER TO postgres;

--
-- Name: tags; Type: TABLE; Schema: public; Owner: postgres
--

CREATE TABLE public.tags (
    id uuid NOT NULL,
    organization_id uuid NOT NULL,
    name text NOT NULL,
    description text,
    created_at timestamp with time zone NOT NULL,
    updated_at timestamp with time zone NOT NULL,
    color text NOT NULL
);


ALTER TABLE public.tags OWNER TO postgres;

--
-- Name: topologies; Type: TABLE; Schema: public; Owner: postgres
--

CREATE TABLE public.topologies (
    id uuid DEFAULT gen_random_uuid() NOT NULL,
    network_id uuid NOT NULL,
    name text NOT NULL,
    edges jsonb NOT NULL,
    nodes jsonb NOT NULL,
    options jsonb NOT NULL,
    hosts jsonb NOT NULL,
    subnets jsonb NOT NULL,
    services jsonb NOT NULL,
    groups jsonb NOT NULL,
    is_stale boolean,
    last_refreshed timestamp with time zone DEFAULT now() NOT NULL,
    is_locked boolean,
    locked_at timestamp with time zone,
    locked_by uuid,
    removed_hosts uuid[],
    removed_services uuid[],
    removed_subnets uuid[],
    removed_groups uuid[],
    parent_id uuid,
    created_at timestamp with time zone DEFAULT now() NOT NULL,
    updated_at timestamp with time zone DEFAULT now() NOT NULL,
    tags uuid[] DEFAULT '{}'::uuid[] NOT NULL,
    interfaces jsonb DEFAULT '[]'::jsonb NOT NULL,
    removed_interfaces uuid[] DEFAULT '{}'::uuid[],
    ports jsonb DEFAULT '[]'::jsonb NOT NULL,
    removed_ports uuid[] DEFAULT '{}'::uuid[],
    bindings jsonb DEFAULT '[]'::jsonb NOT NULL,
    removed_bindings uuid[] DEFAULT '{}'::uuid[]
);


ALTER TABLE public.topologies OWNER TO postgres;

--
-- Name: user_api_key_network_access; Type: TABLE; Schema: public; Owner: postgres
--

CREATE TABLE public.user_api_key_network_access (
    id uuid DEFAULT gen_random_uuid() NOT NULL,
    api_key_id uuid NOT NULL,
    network_id uuid NOT NULL,
    created_at timestamp with time zone DEFAULT now() NOT NULL
);


ALTER TABLE public.user_api_key_network_access OWNER TO postgres;

--
-- Name: user_api_keys; Type: TABLE; Schema: public; Owner: postgres
--

CREATE TABLE public.user_api_keys (
    id uuid DEFAULT gen_random_uuid() NOT NULL,
    key text NOT NULL,
    user_id uuid NOT NULL,
    organization_id uuid NOT NULL,
    permissions text DEFAULT 'Viewer'::text NOT NULL,
    name text NOT NULL,
    created_at timestamp with time zone DEFAULT now() NOT NULL,
    updated_at timestamp with time zone DEFAULT now() NOT NULL,
    last_used timestamp with time zone,
    expires_at timestamp with time zone,
    is_enabled boolean DEFAULT true NOT NULL
);


ALTER TABLE public.user_api_keys OWNER TO postgres;

--
-- Name: user_network_access; Type: TABLE; Schema: public; Owner: postgres
--

CREATE TABLE public.user_network_access (
    id uuid DEFAULT gen_random_uuid() NOT NULL,
    user_id uuid NOT NULL,
    network_id uuid NOT NULL,
    created_at timestamp with time zone DEFAULT now() NOT NULL
);


ALTER TABLE public.user_network_access OWNER TO postgres;

--
-- Name: users; Type: TABLE; Schema: public; Owner: postgres
--

CREATE TABLE public.users (
    id uuid NOT NULL,
    created_at timestamp with time zone NOT NULL,
    updated_at timestamp with time zone NOT NULL,
    password_hash text,
    oidc_provider text,
    oidc_subject text,
    oidc_linked_at timestamp with time zone,
    email text NOT NULL,
    organization_id uuid NOT NULL,
    permissions text DEFAULT 'Member'::text NOT NULL,
    tags uuid[] DEFAULT '{}'::uuid[] NOT NULL,
    terms_accepted_at timestamp with time zone,
    email_verified boolean DEFAULT false NOT NULL,
    email_verification_token text,
    email_verification_expires timestamp with time zone,
    password_reset_token text,
    password_reset_expires timestamp with time zone
);


ALTER TABLE public.users OWNER TO postgres;

--
-- Name: COLUMN users.organization_id; Type: COMMENT; Schema: public; Owner: postgres
--

COMMENT ON COLUMN public.users.organization_id IS 'The single organization this user belongs to';


--
-- Name: COLUMN users.permissions; Type: COMMENT; Schema: public; Owner: postgres
--

COMMENT ON COLUMN public.users.permissions IS 'User role within their organization: Owner, Member, Viewer';


--
-- Name: session; Type: TABLE; Schema: tower_sessions; Owner: postgres
--

CREATE TABLE tower_sessions.session (
    id text NOT NULL,
    data bytea NOT NULL,
    expiry_date timestamp with time zone NOT NULL
);


ALTER TABLE tower_sessions.session OWNER TO postgres;

--
-- Data for Name: _sqlx_migrations; Type: TABLE DATA; Schema: public; Owner: postgres
--

COPY public._sqlx_migrations (version, description, installed_on, success, checksum, execution_time) FROM stdin;
20251006215000	users	2026-01-15 22:27:20.804368+00	t	\\x4f13ce14ff67ef0b7145987c7b22b588745bf9fbb7b673450c26a0f2f9a36ef8ca980e456c8d77cfb1b2d7a4577a64d7	3818483
20251006215100	networks	2026-01-15 22:27:20.809252+00	t	\\xeaa5a07a262709f64f0c59f31e25519580c79e2d1a523ce72736848946a34b17dd9adc7498eaf90551af6b7ec6d4e0e3	4722664
20251006215151	create hosts	2026-01-15 22:27:20.814334+00	t	\\x6ec7487074c0724932d21df4cf1ed66645313cf62c159a7179e39cbc261bcb81a24f7933a0e3cf58504f2a90fc5c1962	3872905
20251006215155	create subnets	2026-01-15 22:27:20.818553+00	t	\\xefb5b25742bd5f4489b67351d9f2494a95f307428c911fd8c5f475bfb03926347bdc269bbd048d2ddb06336945b27926	3828521
20251006215201	create groups	2026-01-15 22:27:20.82273+00	t	\\x0a7032bf4d33a0baf020e905da865cde240e2a09dda2f62aa535b2c5d4b26b20be30a3286f1b5192bd94cd4a5dbb5bcd	3950990
20251006215204	create daemons	2026-01-15 22:27:20.827048+00	t	\\xcfea93403b1f9cf9aac374711d4ac72d8a223e3c38a1d2a06d9edb5f94e8a557debac3668271f8176368eadc5105349f	5111451
20251006215212	create services	2026-01-15 22:27:20.832561+00	t	\\xd5b07f82fc7c9da2782a364d46078d7d16b5c08df70cfbf02edcfe9b1b24ab6024ad159292aeea455f15cfd1f4740c1d	4874719
20251029193448	user-auth	2026-01-15 22:27:20.837774+00	t	\\xfde8161a8db89d51eeade7517d90a41d560f19645620f2298f78f116219a09728b18e91251ae31e46a47f6942d5a9032	6059805
20251030044828	daemon api	2026-01-15 22:27:20.844162+00	t	\\x181eb3541f51ef5b038b2064660370775d1b364547a214a20dde9c9d4bb95a1c273cd4525ef29e61fa65a3eb4fee0400	1660303
20251030170438	host-hide	2026-01-15 22:27:20.846668+00	t	\\x87c6fda7f8456bf610a78e8e98803158caa0e12857c5bab466a5bb0004d41b449004a68e728ca13f17e051f662a15454	1120266
20251102224919	create discovery	2026-01-15 22:27:20.848113+00	t	\\xb32a04abb891aba48f92a059fae7341442355ca8e4af5d109e28e2a4f79ee8e11b2a8f40453b7f6725c2dd6487f26573	11289528
20251106235621	normalize-daemon-cols	2026-01-15 22:27:20.859735+00	t	\\x5b137118d506e2708097c432358bf909265b3cf3bacd662b02e2c81ba589a9e0100631c7801cffd9c57bb10a6674fb3b	1820104
20251107034459	api keys	2026-01-15 22:27:20.861881+00	t	\\x3133ec043c0c6e25b6e55f7da84cae52b2a72488116938a2c669c8512c2efe72a74029912bcba1f2a2a0a8b59ef01dde	8713078
20251107222650	oidc-auth	2026-01-15 22:27:20.870924+00	t	\\xd349750e0298718cbcd98eaff6e152b3fb45c3d9d62d06eedeb26c75452e9ce1af65c3e52c9f2de4bd532939c2f31096	25964507
20251110181948	orgs-billing	2026-01-15 22:27:20.897223+00	t	\\x5bbea7a2dfc9d00213bd66b473289ddd66694eff8a4f3eaab937c985b64c5f8c3ad2d64e960afbb03f335ac6766687aa	11443585
20251113223656	group-enhancements	2026-01-15 22:27:20.909012+00	t	\\xbe0699486d85df2bd3edc1f0bf4f1f096d5b6c5070361702c4d203ec2bb640811be88bb1979cfe51b40805ad84d1de65	1103595
20251117032720	daemon-mode	2026-01-15 22:27:20.910428+00	t	\\xdd0d899c24b73d70e9970e54b2c748d6b6b55c856ca0f8590fe990da49cc46c700b1ce13f57ff65abd6711f4bd8a6481	1166702
20251118143058	set-default-plan	2026-01-15 22:27:20.91189+00	t	\\xd19142607aef84aac7cfb97d60d29bda764d26f513f2c72306734c03cec2651d23eee3ce6cacfd36ca52dbddc462f917	1250869
20251118225043	save-topology	2026-01-15 22:27:20.913456+00	t	\\x011a594740c69d8d0f8b0149d49d1b53cfbf948b7866ebd84403394139cb66a44277803462846b06e762577adc3e61a3	9647385
20251123232748	network-permissions	2026-01-15 22:27:20.923471+00	t	\\x161be7ae5721c06523d6488606f1a7b1f096193efa1183ecdd1c2c9a4a9f4cad4884e939018917314aaf261d9a3f97ae	2760093
20251125001342	billing-updates	2026-01-15 22:27:20.926577+00	t	\\xa235d153d95aeb676e3310a52ccb69dfbd7ca36bba975d5bbca165ceeec7196da12119f23597ea5276c364f90f23db1e	923147
20251128035448	org-onboarding-status	2026-01-15 22:27:20.927802+00	t	\\x1d7a7e9bf23b5078250f31934d1bc47bbaf463ace887e7746af30946e843de41badfc2b213ed64912a18e07b297663d8	1567613
20251129180942	nfs-consolidate	2026-01-15 22:27:20.929681+00	t	\\xb38f41d30699a475c2b967f8e43156f3b49bb10341bddbde01d9fb5ba805f6724685e27e53f7e49b6c8b59e29c74f98e	1261410
20251206052641	discovery-progress	2026-01-15 22:27:20.931239+00	t	\\x9d433b7b8c58d0d5437a104497e5e214febb2d1441a3ad7c28512e7497ed14fb9458e0d4ff786962a59954cb30da1447	1690552
20251206202200	plan-fix	2026-01-15 22:27:20.933215+00	t	\\x242f6699dbf485cf59a8d1b8cd9d7c43aeef635a9316be815a47e15238c5e4af88efaa0daf885be03572948dc0c9edac	944667
20251207061341	daemon-url	2026-01-15 22:27:20.93444+00	t	\\x01172455c4f2d0d57371d18ef66d2ab3b7a8525067ef8a86945c616982e6ce06f5ea1e1560a8f20dadcd5be2223e6df1	2248155
20251210045929	tags	2026-01-15 22:27:20.936978+00	t	\\xe3dde83d39f8552b5afcdc1493cddfeffe077751bf55472032bc8b35fc8fc2a2caa3b55b4c2354ace7de03c3977982db	8880404
20251210175035	terms	2026-01-15 22:27:20.946219+00	t	\\xe47f0cf7aba1bffa10798bede953da69fd4bfaebf9c75c76226507c558a3595c6bfc6ac8920d11398dbdf3b762769992	949796
20251213025048	hash-keys	2026-01-15 22:27:20.947468+00	t	\\xfc7cbb8ce61f0c225322297f7459dcbe362242b9001c06cb874b7f739cea7ae888d8f0cfaed6623bcbcb9ec54c8cd18b	9483499
20251214050638	scanopy	2026-01-15 22:27:20.957255+00	t	\\x0108bb39832305f024126211710689adc48d973ff66e5e59ff49468389b75c1ff95d1fbbb7bdb50e33ec1333a1f29ea6	1604230
20251215215724	topo-scanopy-fix	2026-01-15 22:27:20.959169+00	t	\\xed88a4b71b3c9b61d46322b5053362e5a25a9293cd3c420c9df9fcaeb3441254122b8a18f58c297f535c842b8a8b0a38	777094
20251217153736	category rename	2026-01-15 22:27:20.960231+00	t	\\x03af7ec905e11a77e25038a3c272645da96014da7c50c585a25cea3f9a7579faba3ff45114a5e589d144c9550ba42421	1780059
20251218053111	invite-persistence	2026-01-15 22:27:20.962323+00	t	\\x21d12f48b964acfd600f88e70ceb14abd9cf2a8a10db2eae2a6d8f44cf7d20749f93293631e6123e92b7c3c1793877c2	5697176
20251219211216	create shares	2026-01-15 22:27:20.968336+00	t	\\x036485debd3536f9e58ead728f461b925585911acf565970bf3b2ab295b12a2865606d6a56d334c5641dcd42adeb3d68	7350980
20251220170928	permissions-cleanup	2026-01-15 22:27:20.976011+00	t	\\x632f7b6702b494301e0d36fd3b900686b1a7f9936aef8c084b5880f1152b8256a125566e2b5ac40216eaadd3c4c64a03	1455052
20251220180000	commercial-to-community	2026-01-15 22:27:20.977753+00	t	\\x26fc298486c225f2f01271d611418377c403183ae51daf32fef104ec07c027f2017d138910c4fbfb5f49819a5f4194d6	824633
20251221010000	cleanup subnet type	2026-01-15 22:27:20.97888+00	t	\\xb521121f3fd3a10c0de816977ac2a2ffb6118f34f8474ffb9058722abc0dc4cf5cbec83bc6ee49e79a68e6b715087f40	855420
20251221020000	remove host target	2026-01-15 22:27:20.98001+00	t	\\x77b5f8872705676ca81a5704bd1eaee90b9a52b404bdaa27a23da2ffd4858d3e131680926a5a00ad2a0d7a24ba229046	994460
20251221030000	user network access	2026-01-15 22:27:20.981302+00	t	\\x5c23f5bb6b0b8ca699a17eee6730c4197a006ca21fecc79136a5e5697b9211a81b4cd08ceda70dace6a26408d021ff3a	6987219
20251221040000	interfaces table	2026-01-15 22:27:20.988638+00	t	\\xf7977b6f1e7e5108c614397d03a38c9bd9243fdc422575ec29610366a0c88f443de2132185878d8e291f06a50a8c3244	9702890
20251221050000	ports table	2026-01-15 22:27:20.998711+00	t	\\xdf72f9306b405be7be62c39003ef38408115e740b120f24e8c78b8e136574fff7965c52023b3bc476899613fa5f4fe35	11051485
20251221060000	bindings table	2026-01-15 22:27:21.010185+00	t	\\x933648a724bd179c7f47305e4080db85342d48712cde39374f0f88cde9d7eba8fe5fafba360937331e2a8178dec420c4	11538635
20251221070000	group bindings	2026-01-15 22:27:21.022114+00	t	\\x697475802f6c42e38deee6596f4ba786b09f7b7cd91742fbc5696dd0f9b3ddfce90dd905153f2b1a9e82f959f5a88302	6346331
20251222020000	tag cascade delete	2026-01-15 22:27:21.028796+00	t	\\xabfb48c0da8522f5c8ea6d482eb5a5f4562ed41f6160a5915f0fd477c7dd0517aa84760ef99ab3a5db3e0f21b0c69b5f	1334316
20251223232524	network remove default	2026-01-15 22:27:21.030464+00	t	\\x7099fe4e52405e46269d7ce364050da930b481e72484ad3c4772fd2911d2d505476d659fa9f400c63bc287512d033e18	1273963
20251225100000	color enum	2026-01-15 22:27:21.032073+00	t	\\x62cecd9d79a49835a3bea68a7959ab62aa0c1aaa7e2940dec6a7f8a714362df3649f0c1f9313672d9268295ed5a1cfa9	1448570
20251227010000	topology snapshot migration	2026-01-15 22:27:21.033877+00	t	\\xc042591d254869c0e79c8b52a9ede680fd26f094e2c385f5f017e115f5e3f31ad155f4885d095344f2642ebb70755d54	5153341
20251228010000	user api keys	2026-01-15 22:27:21.039376+00	t	\\xa41adb558a5b9d94a4e17af3f16839b83f7da072dbeac9251b12d8a84c7bec6df008009acf246468712a975bb36bb5f5	12621919
20251230160000	daemon version and maintainer	2026-01-15 22:27:21.052352+00	t	\\xafed3d9f00adb8c1b0896fb663af801926c218472a0a197f90ecdaa13305a78846a9e15af0043ec010328ba533fca68f	2717583
20260103000000	service position	2026-01-15 22:27:21.05538+00	t	\\x19d00e8c8b300d1c74d721931f4d771ec7bc4e06db0d6a78126e00785586fdc4bcff5b832eeae2fce0cb8d01e12a7fb5	1874907
20260106000000	interface mac index	2026-01-15 22:27:21.057578+00	t	\\xa26248372a1e31af46a9c6fbdaef178982229e2ceeb90cc6a289d5764f87a38747294b3adf5f21276b5d171e42bdb6ac	1705810
20260106204402	entity tags junction	2026-01-15 22:27:21.059603+00	t	\\xf73c604f9f0b8db065d990a861684b0dbd62c3ef9bead120c68431c933774de56491a53f021e79f09801680152f5a08a	12451611
20260108033856	fix entity tags json format	2026-01-15 22:27:21.072393+00	t	\\x197eaa063d4f96dd0e897ad8fd96cc1ba9a54dda40a93a5c12eac14597e4dea4c806dd0a527736fb5807b7a8870d9916	1552173
20260110000000	email verification	2026-01-15 22:27:21.074245+00	t	\\xb8da8433f58ba4ce846b9fa0c2551795747a8473ad10266b19685504847458ea69d27a0ce430151cfb426f5f5fb6ac3a	3171272
20260114145808	daemon user fk set null	2026-01-15 22:27:21.077743+00	t	\\x57b060be9fc314d7c5851c75661ca8269118feea6cf7ee9c61b147a0e117c4d39642cf0d1acdf7a723a9a76066c1b8ff	1081894
\.


--
-- Data for Name: api_keys; Type: TABLE DATA; Schema: public; Owner: postgres
--

COPY public.api_keys (id, key, network_id, name, created_at, updated_at, last_used, expires_at, is_enabled) FROM stdin;
50d2ffe9-7a60-44bd-9fb6-66e856d17b4e	c6dc4c8e6bbe2ef80e449458c574c274f21be7a90eba2037092716b4216f293f	4dde5e19-0b14-42c9-932c-3f4611c919cd	Integrated Daemon API Key	2026-01-15 22:27:26.995612+00	2026-01-15 22:27:26.995612+00	2026-01-15 22:29:24.272321+00	\N	t
\.


--
-- Data for Name: bindings; Type: TABLE DATA; Schema: public; Owner: postgres
--

COPY public.bindings (id, network_id, service_id, binding_type, interface_id, port_id, created_at, updated_at) FROM stdin;
eb74f2e4-0aed-4bdc-b988-e3cfa69f4149	4dde5e19-0b14-42c9-932c-3f4611c919cd	c7a12bdc-7437-4f37-ac15-99a3c62aca34	Port	1db1b720-c13f-4ad6-823f-c81736bee9e8	5d3a2b6a-f080-485b-942d-ddc2d6896e8e	2026-01-15 22:27:27.141593+00	2026-01-15 22:27:27.141593+00
87fcaa59-3a61-4257-812a-57e718474a4e	4dde5e19-0b14-42c9-932c-3f4611c919cd	305d2f3c-a2d5-4f21-ba11-f5b31d63e12e	Port	30e5f179-e47d-4d88-b6e7-67d3e05992c6	e32298b7-eafc-4019-9955-5db4604fd820	2026-01-15 22:27:50.297545+00	2026-01-15 22:27:50.297545+00
68cac620-e4f3-4135-b489-b777204a1b39	4dde5e19-0b14-42c9-932c-3f4611c919cd	c64ff559-5d6d-42d6-951c-c437c75fbe84	Port	6c935373-1b61-49b3-ad4b-f5e70b77426a	0fd0668f-2ebf-4494-90fc-0c79bbe7b6d1	2026-01-15 22:28:18.851684+00	2026-01-15 22:28:18.851684+00
61ff5365-e350-4c45-be61-6ff60fbe56ff	4dde5e19-0b14-42c9-932c-3f4611c919cd	a3b1ae1d-84d3-4932-b2dd-80d255fbd246	Port	dbe4bdf6-2d0c-40c7-98e9-d4b34dbe4a34	d6915c2d-330f-4c8d-88fa-cacf24aab7cc	2026-01-15 22:28:33.483156+00	2026-01-15 22:28:33.483156+00
7d74e54a-1381-46fd-8a1c-e9f59d4f3bef	4dde5e19-0b14-42c9-932c-3f4611c919cd	a3b1ae1d-84d3-4932-b2dd-80d255fbd246	Port	dbe4bdf6-2d0c-40c7-98e9-d4b34dbe4a34	71d6c71a-f424-420b-931a-b276b7583a22	2026-01-15 22:28:33.483157+00	2026-01-15 22:28:33.483157+00
38a9c809-667d-418a-b0a3-d3726edaa936	4dde5e19-0b14-42c9-932c-3f4611c919cd	2cda569b-90df-4853-93ae-81ddbb427305	Port	a633e9ce-fea8-4059-b446-a1dc34c8a5ce	7f7b42d9-04b0-40d8-ba5d-30adb38af0e5	2026-01-15 22:28:40.288825+00	2026-01-15 22:28:40.288825+00
fe660f8f-a829-4764-92d2-b662e3f134da	4dde5e19-0b14-42c9-932c-3f4611c919cd	a4916f0f-9c71-4926-803c-e87a51929365	Port	a633e9ce-fea8-4059-b446-a1dc34c8a5ce	9712335d-4616-4aa9-b46c-f513679ba90d	2026-01-15 22:28:47.546115+00	2026-01-15 22:28:47.546115+00
1c30c2b8-b8b1-4a3a-b033-f12a153a1520	4dde5e19-0b14-42c9-932c-3f4611c919cd	f45efdfc-2654-451e-8de6-0affb160e8e2	Port	a633e9ce-fea8-4059-b446-a1dc34c8a5ce	30eca9a4-a901-4e49-8e6d-e6e6dac8b589	2026-01-15 22:28:54.080681+00	2026-01-15 22:28:54.080681+00
629bdf0f-d328-47dc-b8d6-2d8296226e2e	4dde5e19-0b14-42c9-932c-3f4611c919cd	015feb11-1710-4066-869c-35c99efefdfc	Port	a633e9ce-fea8-4059-b446-a1dc34c8a5ce	418958f6-52d0-4854-b899-f8ebd94cc29e	2026-01-15 22:28:54.081051+00	2026-01-15 22:28:54.081051+00
\.


--
-- Data for Name: daemons; Type: TABLE DATA; Schema: public; Owner: postgres
--

COPY public.daemons (id, network_id, host_id, created_at, last_seen, capabilities, updated_at, mode, url, name, version, user_id) FROM stdin;
5dfa1a49-9386-4606-99eb-50e89f375861	4dde5e19-0b14-42c9-932c-3f4611c919cd	91e7077d-74e6-4a28-a7a0-ff94c7cb921c	2026-01-15 22:27:27.098399+00	2026-01-15 22:29:09.146388+00	{"has_docker_socket": false, "interfaced_subnet_ids": ["d43a8608-b7b5-4c00-9336-c1def0dba784"]}	2026-01-15 22:27:27.098399+00	"Push"	http://172.25.0.4:60073	scanopy-daemon	0.13.6	79b9d9e6-3809-4109-9ff1-15063ec04652
\.


--
-- Data for Name: discovery; Type: TABLE DATA; Schema: public; Owner: postgres
--

COPY public.discovery (id, network_id, daemon_id, run_type, discovery_type, name, created_at, updated_at) FROM stdin;
31c4e009-a4ef-4b1b-9717-31893fc571cf	4dde5e19-0b14-42c9-932c-3f4611c919cd	5dfa1a49-9386-4606-99eb-50e89f375861	{"type": "Scheduled", "enabled": true, "last_run": null, "cron_schedule": "0 0 0 * * *"}	{"type": "SelfReport", "host_id": "91e7077d-74e6-4a28-a7a0-ff94c7cb921c"}	Self Report	2026-01-15 22:27:27.10614+00	2026-01-15 22:27:27.10614+00
8dc3c638-c9f9-4077-8a47-720f0d84b67d	4dde5e19-0b14-42c9-932c-3f4611c919cd	5dfa1a49-9386-4606-99eb-50e89f375861	{"type": "Scheduled", "enabled": true, "last_run": null, "cron_schedule": "0 0 0 * * *"}	{"type": "Network", "subnet_ids": null, "host_naming_fallback": "BestService"}	Network Discovery	2026-01-15 22:27:27.114582+00	2026-01-15 22:27:27.114582+00
d89166a6-39b2-4a24-94c6-5f85a2734f54	4dde5e19-0b14-42c9-932c-3f4611c919cd	5dfa1a49-9386-4606-99eb-50e89f375861	{"type": "Historical", "results": {"error": null, "phase": "Complete", "progress": 100, "daemon_id": "5dfa1a49-9386-4606-99eb-50e89f375861", "network_id": "4dde5e19-0b14-42c9-932c-3f4611c919cd", "session_id": "c3d6e06d-34ba-488e-a5dd-24f09a48b753", "started_at": "2026-01-15T22:27:27.114042712Z", "finished_at": "2026-01-15T22:27:27.216231530Z", "discovery_type": {"type": "SelfReport", "host_id": "91e7077d-74e6-4a28-a7a0-ff94c7cb921c"}}}	{"type": "SelfReport", "host_id": "91e7077d-74e6-4a28-a7a0-ff94c7cb921c"}	Self Report	2026-01-15 22:27:27.114042+00	2026-01-15 22:27:27.221217+00
1b039b2b-6fa4-45a9-ac9d-7d939e20f6c2	4dde5e19-0b14-42c9-932c-3f4611c919cd	5dfa1a49-9386-4606-99eb-50e89f375861	{"type": "Historical", "results": {"error": null, "phase": "Complete", "progress": 100, "daemon_id": "5dfa1a49-9386-4606-99eb-50e89f375861", "network_id": "4dde5e19-0b14-42c9-932c-3f4611c919cd", "session_id": "84e0adcb-86d1-443d-ad5b-c6c49828c3aa", "started_at": "2026-01-15T22:27:27.238575790Z", "finished_at": "2026-01-15T22:29:24.271031920Z", "discovery_type": {"type": "Network", "subnet_ids": null, "host_naming_fallback": "BestService"}}}	{"type": "Network", "subnet_ids": null, "host_naming_fallback": "BestService"}	Network Discovery	2026-01-15 22:27:27.238575+00	2026-01-15 22:29:24.274177+00
\.


--
-- Data for Name: entity_tags; Type: TABLE DATA; Schema: public; Owner: postgres
--

COPY public.entity_tags (id, entity_id, entity_type, tag_id, created_at) FROM stdin;
\.


--
-- Data for Name: group_bindings; Type: TABLE DATA; Schema: public; Owner: postgres
--

COPY public.group_bindings (id, group_id, binding_id, "position", created_at) FROM stdin;
\.


--
-- Data for Name: groups; Type: TABLE DATA; Schema: public; Owner: postgres
--

COPY public.groups (id, network_id, name, description, created_at, updated_at, source, color, edge_style, group_type) FROM stdin;
4a6c0750-f925-401b-aa76-eee1156cef73	4dde5e19-0b14-42c9-932c-3f4611c919cd		\N	2026-01-15 22:29:24.288702+00	2026-01-15 22:29:24.288702+00	{"type": "Manual"}	Yellow	"SmoothStep"	RequestPath
\.


--
-- Data for Name: hosts; Type: TABLE DATA; Schema: public; Owner: postgres
--

COPY public.hosts (id, network_id, name, hostname, description, source, virtualization, created_at, updated_at, hidden) FROM stdin;
91e7077d-74e6-4a28-a7a0-ff94c7cb921c	4dde5e19-0b14-42c9-932c-3f4611c919cd	scanopy-daemon	a7b697fd48ee	\N	{"type": "Discovery", "metadata": [{"date": "2026-01-15T22:27:27.141571778Z", "type": "SelfReport", "host_id": "91e7077d-74e6-4a28-a7a0-ff94c7cb921c", "daemon_id": "5dfa1a49-9386-4606-99eb-50e89f375861"}]}	null	2026-01-15 22:27:27.092242+00	2026-01-15 22:27:27.092242+00	f
ed1a4828-c6b7-4a71-a511-2d98557f5e38	4dde5e19-0b14-42c9-932c-3f4611c919cd	scanopy-server-1.scanopy_scanopy-dev	scanopy-server-1.scanopy_scanopy-dev	\N	{"type": "Discovery", "metadata": [{"date": "2026-01-15T22:27:49.501491433Z", "type": "Network", "daemon_id": "5dfa1a49-9386-4606-99eb-50e89f375861", "subnet_ids": null, "host_naming_fallback": "BestService"}]}	null	2026-01-15 22:27:49.501492+00	2026-01-15 22:27:49.501492+00	f
da5eadd4-98a4-46a9-82bd-ed17c1861b58	4dde5e19-0b14-42c9-932c-3f4611c919cd	scanopy-postgres-dev-1.scanopy_scanopy-dev	scanopy-postgres-dev-1.scanopy_scanopy-dev	\N	{"type": "Discovery", "metadata": [{"date": "2026-01-15T22:28:04.243015196Z", "type": "Network", "daemon_id": "5dfa1a49-9386-4606-99eb-50e89f375861", "subnet_ids": null, "host_naming_fallback": "BestService"}]}	null	2026-01-15 22:28:04.243016+00	2026-01-15 22:28:04.243016+00	f
fe5d3c9c-99d1-42e0-81a6-190c3633c61e	4dde5e19-0b14-42c9-932c-3f4611c919cd	homeassistant-discovery.scanopy_scanopy-dev	homeassistant-discovery.scanopy_scanopy-dev	\N	{"type": "Discovery", "metadata": [{"date": "2026-01-15T22:28:18.854871952Z", "type": "Network", "daemon_id": "5dfa1a49-9386-4606-99eb-50e89f375861", "subnet_ids": null, "host_naming_fallback": "BestService"}]}	null	2026-01-15 22:28:18.854872+00	2026-01-15 22:28:18.854872+00	f
94828429-171d-4b6f-9ee8-67a95c017fb4	4dde5e19-0b14-42c9-932c-3f4611c919cd	runnervmmtnos	runnervmmtnos	\N	{"type": "Discovery", "metadata": [{"date": "2026-01-15T22:28:39.557791123Z", "type": "Network", "daemon_id": "5dfa1a49-9386-4606-99eb-50e89f375861", "subnet_ids": null, "host_naming_fallback": "BestService"}]}	null	2026-01-15 22:28:39.557792+00	2026-01-15 22:28:39.557792+00	f
\.


--
-- Data for Name: interfaces; Type: TABLE DATA; Schema: public; Owner: postgres
--

COPY public.interfaces (id, network_id, host_id, subnet_id, ip_address, mac_address, name, "position", created_at, updated_at) FROM stdin;
1db1b720-c13f-4ad6-823f-c81736bee9e8	4dde5e19-0b14-42c9-932c-3f4611c919cd	91e7077d-74e6-4a28-a7a0-ff94c7cb921c	d43a8608-b7b5-4c00-9336-c1def0dba784	172.25.0.4	b6:b4:67:dc:2a:ee	eth0	0	2026-01-15 22:27:27.114381+00	2026-01-15 22:27:27.114381+00
30e5f179-e47d-4d88-b6e7-67d3e05992c6	4dde5e19-0b14-42c9-932c-3f4611c919cd	ed1a4828-c6b7-4a71-a511-2d98557f5e38	d43a8608-b7b5-4c00-9336-c1def0dba784	172.25.0.3	ae:64:05:ca:9d:7f	\N	0	2026-01-15 22:27:49.501459+00	2026-01-15 22:27:49.501459+00
6c935373-1b61-49b3-ad4b-f5e70b77426a	4dde5e19-0b14-42c9-932c-3f4611c919cd	da5eadd4-98a4-46a9-82bd-ed17c1861b58	d43a8608-b7b5-4c00-9336-c1def0dba784	172.25.0.6	3a:51:17:17:ac:59	\N	0	2026-01-15 22:28:04.242985+00	2026-01-15 22:28:04.242985+00
dbe4bdf6-2d0c-40c7-98e9-d4b34dbe4a34	4dde5e19-0b14-42c9-932c-3f4611c919cd	fe5d3c9c-99d1-42e0-81a6-190c3633c61e	d43a8608-b7b5-4c00-9336-c1def0dba784	172.25.0.5	42:56:c5:e6:58:8e	\N	0	2026-01-15 22:28:18.854847+00	2026-01-15 22:28:18.854847+00
a633e9ce-fea8-4059-b446-a1dc34c8a5ce	4dde5e19-0b14-42c9-932c-3f4611c919cd	94828429-171d-4b6f-9ee8-67a95c017fb4	d43a8608-b7b5-4c00-9336-c1def0dba784	172.25.0.1	16:8f:13:4b:f3:79	\N	0	2026-01-15 22:28:39.557761+00	2026-01-15 22:28:39.557761+00
\.


--
-- Data for Name: invites; Type: TABLE DATA; Schema: public; Owner: postgres
--

COPY public.invites (id, organization_id, permissions, network_ids, url, created_by, created_at, updated_at, expires_at, send_to) FROM stdin;
\.


--
-- Data for Name: networks; Type: TABLE DATA; Schema: public; Owner: postgres
--

COPY public.networks (id, name, created_at, updated_at, organization_id) FROM stdin;
4dde5e19-0b14-42c9-932c-3f4611c919cd	My Network	2026-01-15 22:27:26.977244+00	2026-01-15 22:27:26.977244+00	390b1967-88bf-4ea5-98a3-3fda258c5568
\.


--
-- Data for Name: organizations; Type: TABLE DATA; Schema: public; Owner: postgres
--

COPY public.organizations (id, name, stripe_customer_id, plan, plan_status, created_at, updated_at, onboarding) FROM stdin;
390b1967-88bf-4ea5-98a3-3fda258c5568	My Organization	\N	{"rate": "Month", "type": "Community", "base_cents": 0, "trial_days": 0}	active	2026-01-15 22:27:26.96817+00	2026-01-15 22:27:26.96817+00	["OnboardingModalCompleted", "FirstDaemonRegistered", "FirstApiKeyCreated"]
\.


--
-- Data for Name: ports; Type: TABLE DATA; Schema: public; Owner: postgres
--

COPY public.ports (id, network_id, host_id, port_number, protocol, port_type, created_at, updated_at) FROM stdin;
5d3a2b6a-f080-485b-942d-ddc2d6896e8e	4dde5e19-0b14-42c9-932c-3f4611c919cd	91e7077d-74e6-4a28-a7a0-ff94c7cb921c	60073	Tcp	Custom	2026-01-15 22:27:27.141236+00	2026-01-15 22:27:27.141236+00
e32298b7-eafc-4019-9955-5db4604fd820	4dde5e19-0b14-42c9-932c-3f4611c919cd	ed1a4828-c6b7-4a71-a511-2d98557f5e38	60072	Tcp	Custom	2026-01-15 22:27:50.297534+00	2026-01-15 22:27:50.297534+00
0fd0668f-2ebf-4494-90fc-0c79bbe7b6d1	4dde5e19-0b14-42c9-932c-3f4611c919cd	da5eadd4-98a4-46a9-82bd-ed17c1861b58	5432	Tcp	PostgreSQL	2026-01-15 22:28:18.851673+00	2026-01-15 22:28:18.851673+00
d6915c2d-330f-4c8d-88fa-cacf24aab7cc	4dde5e19-0b14-42c9-932c-3f4611c919cd	fe5d3c9c-99d1-42e0-81a6-190c3633c61e	8123	Tcp	Custom	2026-01-15 22:28:33.483144+00	2026-01-15 22:28:33.483144+00
71d6c71a-f424-420b-931a-b276b7583a22	4dde5e19-0b14-42c9-932c-3f4611c919cd	fe5d3c9c-99d1-42e0-81a6-190c3633c61e	18555	Tcp	Custom	2026-01-15 22:28:33.48315+00	2026-01-15 22:28:33.48315+00
7f7b42d9-04b0-40d8-ba5d-30adb38af0e5	4dde5e19-0b14-42c9-932c-3f4611c919cd	94828429-171d-4b6f-9ee8-67a95c017fb4	60072	Tcp	Custom	2026-01-15 22:28:40.288815+00	2026-01-15 22:28:40.288815+00
9712335d-4616-4aa9-b46c-f513679ba90d	4dde5e19-0b14-42c9-932c-3f4611c919cd	94828429-171d-4b6f-9ee8-67a95c017fb4	8123	Tcp	Custom	2026-01-15 22:28:47.546105+00	2026-01-15 22:28:47.546105+00
30eca9a4-a901-4e49-8e6d-e6e6dac8b589	4dde5e19-0b14-42c9-932c-3f4611c919cd	94828429-171d-4b6f-9ee8-67a95c017fb4	22	Tcp	Ssh	2026-01-15 22:28:54.080671+00	2026-01-15 22:28:54.080671+00
418958f6-52d0-4854-b899-f8ebd94cc29e	4dde5e19-0b14-42c9-932c-3f4611c919cd	94828429-171d-4b6f-9ee8-67a95c017fb4	5435	Tcp	Custom	2026-01-15 22:28:54.081047+00	2026-01-15 22:28:54.081047+00
\.


--
-- Data for Name: services; Type: TABLE DATA; Schema: public; Owner: postgres
--

COPY public.services (id, network_id, created_at, updated_at, name, host_id, service_definition, virtualization, source, "position") FROM stdin;
c7a12bdc-7437-4f37-ac15-99a3c62aca34	4dde5e19-0b14-42c9-932c-3f4611c919cd	2026-01-15 22:27:27.141597+00	2026-01-15 22:27:27.141597+00	Scanopy Daemon	91e7077d-74e6-4a28-a7a0-ff94c7cb921c	"Scanopy Daemon"	null	{"type": "DiscoveryWithMatch", "details": {"reason": {"data": "Scanopy Daemon self-report", "type": "reason"}, "confidence": "Certain"}, "metadata": [{"date": "2026-01-15T22:27:27.141596514Z", "type": "SelfReport", "host_id": "91e7077d-74e6-4a28-a7a0-ff94c7cb921c", "daemon_id": "5dfa1a49-9386-4606-99eb-50e89f375861"}]}	0
305d2f3c-a2d5-4f21-ba11-f5b31d63e12e	4dde5e19-0b14-42c9-932c-3f4611c919cd	2026-01-15 22:27:50.297549+00	2026-01-15 22:27:50.297549+00	Scanopy Server	ed1a4828-c6b7-4a71-a511-2d98557f5e38	"Scanopy Server"	null	{"type": "DiscoveryWithMatch", "details": {"reason": {"data": "Response for 172.25.0.3:60072/api/health contained \\"scanopy\\" in body", "type": "reason"}, "confidence": "High"}, "metadata": [{"date": "2026-01-15T22:27:50.297527820Z", "type": "Network", "daemon_id": "5dfa1a49-9386-4606-99eb-50e89f375861", "subnet_ids": null, "host_naming_fallback": "BestService"}]}	0
c64ff559-5d6d-42d6-951c-c437c75fbe84	4dde5e19-0b14-42c9-932c-3f4611c919cd	2026-01-15 22:28:18.85169+00	2026-01-15 22:28:18.85169+00	PostgreSQL	da5eadd4-98a4-46a9-82bd-ed17c1861b58	"PostgreSQL"	null	{"type": "DiscoveryWithMatch", "details": {"reason": {"data": ["Generic service", [{"data": "Port 5432/tcp is open", "type": "reason"}]], "type": "container"}, "confidence": "NotApplicable"}, "metadata": [{"date": "2026-01-15T22:28:18.851667331Z", "type": "Network", "daemon_id": "5dfa1a49-9386-4606-99eb-50e89f375861", "subnet_ids": null, "host_naming_fallback": "BestService"}]}	0
a3b1ae1d-84d3-4932-b2dd-80d255fbd246	4dde5e19-0b14-42c9-932c-3f4611c919cd	2026-01-15 22:28:33.483161+00	2026-01-15 22:28:33.483161+00	Unclaimed Open Ports	fe5d3c9c-99d1-42e0-81a6-190c3633c61e	"Unclaimed Open Ports"	null	{"type": "DiscoveryWithMatch", "details": {"reason": {"data": ["Generic service", [{"data": "Has unbound open ports", "type": "reason"}]], "type": "container"}, "confidence": "NotApplicable"}, "metadata": [{"date": "2026-01-15T22:28:33.483139684Z", "type": "Network", "daemon_id": "5dfa1a49-9386-4606-99eb-50e89f375861", "subnet_ids": null, "host_naming_fallback": "BestService"}]}	0
2cda569b-90df-4853-93ae-81ddbb427305	4dde5e19-0b14-42c9-932c-3f4611c919cd	2026-01-15 22:28:40.288829+00	2026-01-15 22:28:40.288829+00	Scanopy Server	94828429-171d-4b6f-9ee8-67a95c017fb4	"Scanopy Server"	null	{"type": "DiscoveryWithMatch", "details": {"reason": {"data": "Response for 172.25.0.1:60072/api/health contained \\"scanopy\\" in body", "type": "reason"}, "confidence": "High"}, "metadata": [{"date": "2026-01-15T22:28:40.288809599Z", "type": "Network", "daemon_id": "5dfa1a49-9386-4606-99eb-50e89f375861", "subnet_ids": null, "host_naming_fallback": "BestService"}]}	0
a4916f0f-9c71-4926-803c-e87a51929365	4dde5e19-0b14-42c9-932c-3f4611c919cd	2026-01-15 22:28:47.546118+00	2026-01-15 22:28:47.546118+00	Home Assistant	94828429-171d-4b6f-9ee8-67a95c017fb4	"Home Assistant"	null	{"type": "DiscoveryWithMatch", "details": {"reason": {"data": "Response for 172.25.0.1:8123/ contained \\"home assistant\\" in body", "type": "reason"}, "confidence": "High"}, "metadata": [{"date": "2026-01-15T22:28:47.546099652Z", "type": "Network", "daemon_id": "5dfa1a49-9386-4606-99eb-50e89f375861", "subnet_ids": null, "host_naming_fallback": "BestService"}]}	1
f45efdfc-2654-451e-8de6-0affb160e8e2	4dde5e19-0b14-42c9-932c-3f4611c919cd	2026-01-15 22:28:54.080685+00	2026-01-15 22:28:54.080685+00	SSH	94828429-171d-4b6f-9ee8-67a95c017fb4	"SSH"	null	{"type": "DiscoveryWithMatch", "details": {"reason": {"data": ["Generic service", [{"data": "Port 22/tcp is open", "type": "reason"}]], "type": "container"}, "confidence": "NotApplicable"}, "metadata": [{"date": "2026-01-15T22:28:54.080667178Z", "type": "Network", "daemon_id": "5dfa1a49-9386-4606-99eb-50e89f375861", "subnet_ids": null, "host_naming_fallback": "BestService"}]}	2
015feb11-1710-4066-869c-35c99efefdfc	4dde5e19-0b14-42c9-932c-3f4611c919cd	2026-01-15 22:28:54.081054+00	2026-01-15 22:28:54.081054+00	Unclaimed Open Ports	94828429-171d-4b6f-9ee8-67a95c017fb4	"Unclaimed Open Ports"	null	{"type": "DiscoveryWithMatch", "details": {"reason": {"data": ["Generic service", [{"data": "Has unbound open ports", "type": "reason"}]], "type": "container"}, "confidence": "NotApplicable"}, "metadata": [{"date": "2026-01-15T22:28:54.081045243Z", "type": "Network", "daemon_id": "5dfa1a49-9386-4606-99eb-50e89f375861", "subnet_ids": null, "host_naming_fallback": "BestService"}]}	3
\.


--
-- Data for Name: shares; Type: TABLE DATA; Schema: public; Owner: postgres
--

COPY public.shares (id, topology_id, network_id, created_by, name, is_enabled, expires_at, password_hash, allowed_domains, options, created_at, updated_at) FROM stdin;
\.


--
-- Data for Name: subnets; Type: TABLE DATA; Schema: public; Owner: postgres
--

COPY public.subnets (id, network_id, created_at, updated_at, cidr, name, description, subnet_type, source) FROM stdin;
52b0f0b3-26e6-4b76-a738-04b6eaa96ce8	4dde5e19-0b14-42c9-932c-3f4611c919cd	2026-01-15 22:27:26.978791+00	2026-01-15 22:27:26.978791+00	"0.0.0.0/0"	Internet	This subnet uses the 0.0.0.0/0 CIDR as an organizational container for services running on the internet (e.g., public DNS servers, cloud services, etc.).	Internet	{"type": "System"}
a5a50cb6-2f1f-4e07-beed-fa8a1947fbeb	4dde5e19-0b14-42c9-932c-3f4611c919cd	2026-01-15 22:27:26.978795+00	2026-01-15 22:27:26.978795+00	"0.0.0.0/0"	Remote Network	This subnet uses the 0.0.0.0/0 CIDR as an organizational container for hosts on remote networks (e.g., mobile connections, friend's networks, public WiFi, etc.).	Remote	{"type": "System"}
d43a8608-b7b5-4c00-9336-c1def0dba784	4dde5e19-0b14-42c9-932c-3f4611c919cd	2026-01-15 22:27:27.114354+00	2026-01-15 22:27:27.114354+00	"172.25.0.0/28"	172.25.0.0/28	\N	Lan	{"type": "Discovery", "metadata": [{"date": "2026-01-15T22:27:27.114353102Z", "type": "SelfReport", "host_id": "91e7077d-74e6-4a28-a7a0-ff94c7cb921c", "daemon_id": "5dfa1a49-9386-4606-99eb-50e89f375861"}]}
\.


--
-- Data for Name: tags; Type: TABLE DATA; Schema: public; Owner: postgres
--

COPY public.tags (id, organization_id, name, description, created_at, updated_at, color) FROM stdin;
ecf323d4-69a6-4236-bb9e-66abacc5d250	390b1967-88bf-4ea5-98a3-3fda258c5568	New Tag	\N	2026-01-15 22:29:24.295872+00	2026-01-15 22:29:24.295872+00	Yellow
\.


--
-- Data for Name: topologies; Type: TABLE DATA; Schema: public; Owner: postgres
--

COPY public.topologies (id, network_id, name, edges, nodes, options, hosts, subnets, services, groups, is_stale, last_refreshed, is_locked, locked_at, locked_by, removed_hosts, removed_services, removed_subnets, removed_groups, parent_id, created_at, updated_at, tags, interfaces, removed_interfaces, ports, removed_ports, bindings, removed_bindings) FROM stdin;
08592171-8c61-4a5f-9da5-c4a3361fd1b3	4dde5e19-0b14-42c9-932c-3f4611c919cd	My Topology	[]	[]	{"local": {"no_fade_edges": false, "hide_edge_types": [], "left_zone_title": "Infrastructure", "hide_resize_handles": false}, "request": {"hide_ports": false, "hide_service_categories": [], "show_gateway_in_left_zone": true, "group_docker_bridges_by_host": true, "left_zone_service_categories": ["DNS", "ReverseProxy"], "hide_vm_title_on_docker_container": false}}	[{"id": "91e7077d-74e6-4a28-a7a0-ff94c7cb921c", "name": "scanopy-daemon", "tags": [], "hidden": false, "source": {"type": "Discovery", "metadata": [{"date": "2026-01-15T22:27:27.141571778Z", "type": "SelfReport", "host_id": "91e7077d-74e6-4a28-a7a0-ff94c7cb921c", "daemon_id": "5dfa1a49-9386-4606-99eb-50e89f375861"}]}, "hostname": "a7b697fd48ee", "created_at": "2026-01-15T22:27:27.092242Z", "network_id": "4dde5e19-0b14-42c9-932c-3f4611c919cd", "updated_at": "2026-01-15T22:27:27.092242Z", "description": null, "virtualization": null}, {"id": "ed1a4828-c6b7-4a71-a511-2d98557f5e38", "name": "scanopy-server-1.scanopy_scanopy-dev", "tags": [], "hidden": false, "source": {"type": "Discovery", "metadata": [{"date": "2026-01-15T22:27:49.501491433Z", "type": "Network", "daemon_id": "5dfa1a49-9386-4606-99eb-50e89f375861", "subnet_ids": null, "host_naming_fallback": "BestService"}]}, "hostname": "scanopy-server-1.scanopy_scanopy-dev", "created_at": "2026-01-15T22:27:49.501492Z", "network_id": "4dde5e19-0b14-42c9-932c-3f4611c919cd", "updated_at": "2026-01-15T22:27:49.501492Z", "description": null, "virtualization": null}, {"id": "da5eadd4-98a4-46a9-82bd-ed17c1861b58", "name": "scanopy-postgres-dev-1.scanopy_scanopy-dev", "tags": [], "hidden": false, "source": {"type": "Discovery", "metadata": [{"date": "2026-01-15T22:28:04.243015196Z", "type": "Network", "daemon_id": "5dfa1a49-9386-4606-99eb-50e89f375861", "subnet_ids": null, "host_naming_fallback": "BestService"}]}, "hostname": "scanopy-postgres-dev-1.scanopy_scanopy-dev", "created_at": "2026-01-15T22:28:04.243016Z", "network_id": "4dde5e19-0b14-42c9-932c-3f4611c919cd", "updated_at": "2026-01-15T22:28:04.243016Z", "description": null, "virtualization": null}, {"id": "fe5d3c9c-99d1-42e0-81a6-190c3633c61e", "name": "homeassistant-discovery.scanopy_scanopy-dev", "tags": [], "hidden": false, "source": {"type": "Discovery", "metadata": [{"date": "2026-01-15T22:28:18.854871952Z", "type": "Network", "daemon_id": "5dfa1a49-9386-4606-99eb-50e89f375861", "subnet_ids": null, "host_naming_fallback": "BestService"}]}, "hostname": "homeassistant-discovery.scanopy_scanopy-dev", "created_at": "2026-01-15T22:28:18.854872Z", "network_id": "4dde5e19-0b14-42c9-932c-3f4611c919cd", "updated_at": "2026-01-15T22:28:18.854872Z", "description": null, "virtualization": null}, {"id": "94828429-171d-4b6f-9ee8-67a95c017fb4", "name": "runnervmmtnos", "tags": [], "hidden": false, "source": {"type": "Discovery", "metadata": [{"date": "2026-01-15T22:28:39.557791123Z", "type": "Network", "daemon_id": "5dfa1a49-9386-4606-99eb-50e89f375861", "subnet_ids": null, "host_naming_fallback": "BestService"}]}, "hostname": "runnervmmtnos", "created_at": "2026-01-15T22:28:39.557792Z", "network_id": "4dde5e19-0b14-42c9-932c-3f4611c919cd", "updated_at": "2026-01-15T22:28:39.557792Z", "description": null, "virtualization": null}]	[{"id": "52b0f0b3-26e6-4b76-a738-04b6eaa96ce8", "cidr": "0.0.0.0/0", "name": "Internet", "tags": [], "source": {"type": "System"}, "created_at": "2026-01-15T22:27:26.978791Z", "network_id": "4dde5e19-0b14-42c9-932c-3f4611c919cd", "updated_at": "2026-01-15T22:27:26.978791Z", "description": "This subnet uses the 0.0.0.0/0 CIDR as an organizational container for services running on the internet (e.g., public DNS servers, cloud services, etc.).", "subnet_type": "Internet"}, {"id": "a5a50cb6-2f1f-4e07-beed-fa8a1947fbeb", "cidr": "0.0.0.0/0", "name": "Remote Network", "tags": [], "source": {"type": "System"}, "created_at": "2026-01-15T22:27:26.978795Z", "network_id": "4dde5e19-0b14-42c9-932c-3f4611c919cd", "updated_at": "2026-01-15T22:27:26.978795Z", "description": "This subnet uses the 0.0.0.0/0 CIDR as an organizational container for hosts on remote networks (e.g., mobile connections, friend's networks, public WiFi, etc.).", "subnet_type": "Remote"}, {"id": "d43a8608-b7b5-4c00-9336-c1def0dba784", "cidr": "172.25.0.0/28", "name": "172.25.0.0/28", "tags": [], "source": {"type": "Discovery", "metadata": [{"date": "2026-01-15T22:27:27.114353102Z", "type": "SelfReport", "host_id": "91e7077d-74e6-4a28-a7a0-ff94c7cb921c", "daemon_id": "5dfa1a49-9386-4606-99eb-50e89f375861"}]}, "created_at": "2026-01-15T22:27:27.114354Z", "network_id": "4dde5e19-0b14-42c9-932c-3f4611c919cd", "updated_at": "2026-01-15T22:27:27.114354Z", "description": null, "subnet_type": "Lan"}]	[{"id": "c7a12bdc-7437-4f37-ac15-99a3c62aca34", "name": "Scanopy Daemon", "tags": [], "source": {"type": "DiscoveryWithMatch", "details": {"reason": {"data": "Scanopy Daemon self-report", "type": "reason"}, "confidence": "Certain"}, "metadata": [{"date": "2026-01-15T22:27:27.141596514Z", "type": "SelfReport", "host_id": "91e7077d-74e6-4a28-a7a0-ff94c7cb921c", "daemon_id": "5dfa1a49-9386-4606-99eb-50e89f375861"}]}, "host_id": "91e7077d-74e6-4a28-a7a0-ff94c7cb921c", "bindings": [{"id": "eb74f2e4-0aed-4bdc-b988-e3cfa69f4149", "type": "Port", "port_id": "5d3a2b6a-f080-485b-942d-ddc2d6896e8e", "created_at": "2026-01-15T22:27:27.141593Z", "network_id": "4dde5e19-0b14-42c9-932c-3f4611c919cd", "service_id": "c7a12bdc-7437-4f37-ac15-99a3c62aca34", "updated_at": "2026-01-15T22:27:27.141593Z", "interface_id": "1db1b720-c13f-4ad6-823f-c81736bee9e8"}], "position": 0, "created_at": "2026-01-15T22:27:27.141597Z", "network_id": "4dde5e19-0b14-42c9-932c-3f4611c919cd", "updated_at": "2026-01-15T22:27:27.141597Z", "virtualization": null, "service_definition": "Scanopy Daemon"}, {"id": "305d2f3c-a2d5-4f21-ba11-f5b31d63e12e", "name": "Scanopy Server", "tags": [], "source": {"type": "DiscoveryWithMatch", "details": {"reason": {"data": "Response for 172.25.0.3:60072/api/health contained \\"scanopy\\" in body", "type": "reason"}, "confidence": "High"}, "metadata": [{"date": "2026-01-15T22:27:50.297527820Z", "type": "Network", "daemon_id": "5dfa1a49-9386-4606-99eb-50e89f375861", "subnet_ids": null, "host_naming_fallback": "BestService"}]}, "host_id": "ed1a4828-c6b7-4a71-a511-2d98557f5e38", "bindings": [{"id": "87fcaa59-3a61-4257-812a-57e718474a4e", "type": "Port", "port_id": "e32298b7-eafc-4019-9955-5db4604fd820", "created_at": "2026-01-15T22:27:50.297545Z", "network_id": "4dde5e19-0b14-42c9-932c-3f4611c919cd", "service_id": "305d2f3c-a2d5-4f21-ba11-f5b31d63e12e", "updated_at": "2026-01-15T22:27:50.297545Z", "interface_id": "30e5f179-e47d-4d88-b6e7-67d3e05992c6"}], "position": 0, "created_at": "2026-01-15T22:27:50.297549Z", "network_id": "4dde5e19-0b14-42c9-932c-3f4611c919cd", "updated_at": "2026-01-15T22:27:50.297549Z", "virtualization": null, "service_definition": "Scanopy Server"}, {"id": "c64ff559-5d6d-42d6-951c-c437c75fbe84", "name": "PostgreSQL", "tags": [], "source": {"type": "DiscoveryWithMatch", "details": {"reason": {"data": ["Generic service", [{"data": "Port 5432/tcp is open", "type": "reason"}]], "type": "container"}, "confidence": "NotApplicable"}, "metadata": [{"date": "2026-01-15T22:28:18.851667331Z", "type": "Network", "daemon_id": "5dfa1a49-9386-4606-99eb-50e89f375861", "subnet_ids": null, "host_naming_fallback": "BestService"}]}, "host_id": "da5eadd4-98a4-46a9-82bd-ed17c1861b58", "bindings": [{"id": "68cac620-e4f3-4135-b489-b777204a1b39", "type": "Port", "port_id": "0fd0668f-2ebf-4494-90fc-0c79bbe7b6d1", "created_at": "2026-01-15T22:28:18.851684Z", "network_id": "4dde5e19-0b14-42c9-932c-3f4611c919cd", "service_id": "c64ff559-5d6d-42d6-951c-c437c75fbe84", "updated_at": "2026-01-15T22:28:18.851684Z", "interface_id": "6c935373-1b61-49b3-ad4b-f5e70b77426a"}], "position": 0, "created_at": "2026-01-15T22:28:18.851690Z", "network_id": "4dde5e19-0b14-42c9-932c-3f4611c919cd", "updated_at": "2026-01-15T22:28:18.851690Z", "virtualization": null, "service_definition": "PostgreSQL"}, {"id": "a3b1ae1d-84d3-4932-b2dd-80d255fbd246", "name": "Unclaimed Open Ports", "tags": [], "source": {"type": "DiscoveryWithMatch", "details": {"reason": {"data": ["Generic service", [{"data": "Has unbound open ports", "type": "reason"}]], "type": "container"}, "confidence": "NotApplicable"}, "metadata": [{"date": "2026-01-15T22:28:33.483139684Z", "type": "Network", "daemon_id": "5dfa1a49-9386-4606-99eb-50e89f375861", "subnet_ids": null, "host_naming_fallback": "BestService"}]}, "host_id": "fe5d3c9c-99d1-42e0-81a6-190c3633c61e", "bindings": [{"id": "61ff5365-e350-4c45-be61-6ff60fbe56ff", "type": "Port", "port_id": "d6915c2d-330f-4c8d-88fa-cacf24aab7cc", "created_at": "2026-01-15T22:28:33.483156Z", "network_id": "4dde5e19-0b14-42c9-932c-3f4611c919cd", "service_id": "a3b1ae1d-84d3-4932-b2dd-80d255fbd246", "updated_at": "2026-01-15T22:28:33.483156Z", "interface_id": "dbe4bdf6-2d0c-40c7-98e9-d4b34dbe4a34"}, {"id": "7d74e54a-1381-46fd-8a1c-e9f59d4f3bef", "type": "Port", "port_id": "71d6c71a-f424-420b-931a-b276b7583a22", "created_at": "2026-01-15T22:28:33.483157Z", "network_id": "4dde5e19-0b14-42c9-932c-3f4611c919cd", "service_id": "a3b1ae1d-84d3-4932-b2dd-80d255fbd246", "updated_at": "2026-01-15T22:28:33.483157Z", "interface_id": "dbe4bdf6-2d0c-40c7-98e9-d4b34dbe4a34"}], "position": 0, "created_at": "2026-01-15T22:28:33.483161Z", "network_id": "4dde5e19-0b14-42c9-932c-3f4611c919cd", "updated_at": "2026-01-15T22:28:33.483161Z", "virtualization": null, "service_definition": "Unclaimed Open Ports"}, {"id": "2cda569b-90df-4853-93ae-81ddbb427305", "name": "Scanopy Server", "tags": [], "source": {"type": "DiscoveryWithMatch", "details": {"reason": {"data": "Response for 172.25.0.1:60072/api/health contained \\"scanopy\\" in body", "type": "reason"}, "confidence": "High"}, "metadata": [{"date": "2026-01-15T22:28:40.288809599Z", "type": "Network", "daemon_id": "5dfa1a49-9386-4606-99eb-50e89f375861", "subnet_ids": null, "host_naming_fallback": "BestService"}]}, "host_id": "94828429-171d-4b6f-9ee8-67a95c017fb4", "bindings": [{"id": "38a9c809-667d-418a-b0a3-d3726edaa936", "type": "Port", "port_id": "7f7b42d9-04b0-40d8-ba5d-30adb38af0e5", "created_at": "2026-01-15T22:28:40.288825Z", "network_id": "4dde5e19-0b14-42c9-932c-3f4611c919cd", "service_id": "2cda569b-90df-4853-93ae-81ddbb427305", "updated_at": "2026-01-15T22:28:40.288825Z", "interface_id": "a633e9ce-fea8-4059-b446-a1dc34c8a5ce"}], "position": 0, "created_at": "2026-01-15T22:28:40.288829Z", "network_id": "4dde5e19-0b14-42c9-932c-3f4611c919cd", "updated_at": "2026-01-15T22:28:40.288829Z", "virtualization": null, "service_definition": "Scanopy Server"}, {"id": "a4916f0f-9c71-4926-803c-e87a51929365", "name": "Home Assistant", "tags": [], "source": {"type": "DiscoveryWithMatch", "details": {"reason": {"data": "Response for 172.25.0.1:8123/ contained \\"home assistant\\" in body", "type": "reason"}, "confidence": "High"}, "metadata": [{"date": "2026-01-15T22:28:47.546099652Z", "type": "Network", "daemon_id": "5dfa1a49-9386-4606-99eb-50e89f375861", "subnet_ids": null, "host_naming_fallback": "BestService"}]}, "host_id": "94828429-171d-4b6f-9ee8-67a95c017fb4", "bindings": [{"id": "fe660f8f-a829-4764-92d2-b662e3f134da", "type": "Port", "port_id": "9712335d-4616-4aa9-b46c-f513679ba90d", "created_at": "2026-01-15T22:28:47.546115Z", "network_id": "4dde5e19-0b14-42c9-932c-3f4611c919cd", "service_id": "a4916f0f-9c71-4926-803c-e87a51929365", "updated_at": "2026-01-15T22:28:47.546115Z", "interface_id": "a633e9ce-fea8-4059-b446-a1dc34c8a5ce"}], "position": 1, "created_at": "2026-01-15T22:28:47.546118Z", "network_id": "4dde5e19-0b14-42c9-932c-3f4611c919cd", "updated_at": "2026-01-15T22:28:47.546118Z", "virtualization": null, "service_definition": "Home Assistant"}, {"id": "f45efdfc-2654-451e-8de6-0affb160e8e2", "name": "SSH", "tags": [], "source": {"type": "DiscoveryWithMatch", "details": {"reason": {"data": ["Generic service", [{"data": "Port 22/tcp is open", "type": "reason"}]], "type": "container"}, "confidence": "NotApplicable"}, "metadata": [{"date": "2026-01-15T22:28:54.080667178Z", "type": "Network", "daemon_id": "5dfa1a49-9386-4606-99eb-50e89f375861", "subnet_ids": null, "host_naming_fallback": "BestService"}]}, "host_id": "94828429-171d-4b6f-9ee8-67a95c017fb4", "bindings": [{"id": "1c30c2b8-b8b1-4a3a-b033-f12a153a1520", "type": "Port", "port_id": "30eca9a4-a901-4e49-8e6d-e6e6dac8b589", "created_at": "2026-01-15T22:28:54.080681Z", "network_id": "4dde5e19-0b14-42c9-932c-3f4611c919cd", "service_id": "f45efdfc-2654-451e-8de6-0affb160e8e2", "updated_at": "2026-01-15T22:28:54.080681Z", "interface_id": "a633e9ce-fea8-4059-b446-a1dc34c8a5ce"}], "position": 2, "created_at": "2026-01-15T22:28:54.080685Z", "network_id": "4dde5e19-0b14-42c9-932c-3f4611c919cd", "updated_at": "2026-01-15T22:28:54.080685Z", "virtualization": null, "service_definition": "SSH"}, {"id": "015feb11-1710-4066-869c-35c99efefdfc", "name": "Unclaimed Open Ports", "tags": [], "source": {"type": "DiscoveryWithMatch", "details": {"reason": {"data": ["Generic service", [{"data": "Has unbound open ports", "type": "reason"}]], "type": "container"}, "confidence": "NotApplicable"}, "metadata": [{"date": "2026-01-15T22:28:54.081045243Z", "type": "Network", "daemon_id": "5dfa1a49-9386-4606-99eb-50e89f375861", "subnet_ids": null, "host_naming_fallback": "BestService"}]}, "host_id": "94828429-171d-4b6f-9ee8-67a95c017fb4", "bindings": [{"id": "629bdf0f-d328-47dc-b8d6-2d8296226e2e", "type": "Port", "port_id": "418958f6-52d0-4854-b899-f8ebd94cc29e", "created_at": "2026-01-15T22:28:54.081051Z", "network_id": "4dde5e19-0b14-42c9-932c-3f4611c919cd", "service_id": "015feb11-1710-4066-869c-35c99efefdfc", "updated_at": "2026-01-15T22:28:54.081051Z", "interface_id": "a633e9ce-fea8-4059-b446-a1dc34c8a5ce"}], "position": 3, "created_at": "2026-01-15T22:28:54.081054Z", "network_id": "4dde5e19-0b14-42c9-932c-3f4611c919cd", "updated_at": "2026-01-15T22:28:54.081054Z", "virtualization": null, "service_definition": "Unclaimed Open Ports"}]	[{"id": "4a6c0750-f925-401b-aa76-eee1156cef73", "name": "", "tags": [], "color": "Yellow", "source": {"type": "Manual"}, "created_at": "2026-01-15T22:29:24.288702Z", "edge_style": "SmoothStep", "group_type": "RequestPath", "network_id": "4dde5e19-0b14-42c9-932c-3f4611c919cd", "updated_at": "2026-01-15T22:29:24.288702Z", "binding_ids": [], "description": null}]	t	2026-01-15 22:27:26.993904+00	f	\N	\N	{53478750-2010-4bf0-8110-a3ecb046b916,0db9766e-3a4c-4e6b-abac-63d3cf220c61,c5e0e898-8b7a-4167-ab34-1a53dfa45d79}	{bd5806f9-36db-4d57-b614-a019effeba04}	{ed0de5b0-aa18-45bf-8aec-0fb8f5cf87fc}	{a6ce1e85-1d0b-4f64-a846-4132bbfda59a}	\N	2026-01-15 22:27:26.982629+00	2026-01-15 22:27:26.982629+00	{}	[]	{}	[]	{}	[]	{}
\.


--
-- Data for Name: user_api_key_network_access; Type: TABLE DATA; Schema: public; Owner: postgres
--

COPY public.user_api_key_network_access (id, api_key_id, network_id, created_at) FROM stdin;
\.


--
-- Data for Name: user_api_keys; Type: TABLE DATA; Schema: public; Owner: postgres
--

COPY public.user_api_keys (id, key, user_id, organization_id, permissions, name, created_at, updated_at, last_used, expires_at, is_enabled) FROM stdin;
\.


--
-- Data for Name: user_network_access; Type: TABLE DATA; Schema: public; Owner: postgres
--

COPY public.user_network_access (id, user_id, network_id, created_at) FROM stdin;
\.


--
-- Data for Name: users; Type: TABLE DATA; Schema: public; Owner: postgres
--

COPY public.users (id, created_at, updated_at, password_hash, oidc_provider, oidc_subject, oidc_linked_at, email, organization_id, permissions, tags, terms_accepted_at, email_verified, email_verification_token, email_verification_expires, password_reset_token, password_reset_expires) FROM stdin;
79b9d9e6-3809-4109-9ff1-15063ec04652	2026-01-15 22:27:26.971633+00	2026-01-15 22:27:26.971633+00	$argon2id$v=19$m=19456,t=2,p=1$Fqo0wpiVEgifb3ylFBYtSg$6vvwjLhiWuJeKWdIxnIJBT9zigF3kZ4Q4HFUZ+a2aTw	\N	\N	\N	user@gmail.com	390b1967-88bf-4ea5-98a3-3fda258c5568	Owner	{}	\N	t	\N	\N	\N	\N
3ffa4db8-395f-4801-a185-6d1dce232caa	2026-01-15 22:29:25.645552+00	2026-01-15 22:29:25.645552+00	\N	\N	\N	\N	user@example.com	390b1967-88bf-4ea5-98a3-3fda258c5568	Owner	{}	\N	f	\N	\N	\N	\N
\.


--
-- Data for Name: session; Type: TABLE DATA; Schema: tower_sessions; Owner: postgres
--

COPY tower_sessions.session (id, data, expiry_date) FROM stdin;
vk2gBQmKW5MmYTEwnY3LOw	\\x93c4103bcb8d9d30316126935b8a0905a04dbe81a7757365725f6964d92437396239643965362d333830392d343130392d396666312d31353036336563303436353299cd07ea16161b1bce074e25d5000000	2026-01-22 22:27:27.122562+00
YHYb93L55oS_Nzx7YQKHLg	\\x93c4102e8702617b3c37bf84e6f972f71b766082a7757365725f6964d92437396239643965362d333830392d343130392d396666312d313530363365633034363532ad70656e64696e675f736574757082a86e6574776f726b739182a46e616d65aa4d79204e6574776f726baa6e6574776f726b5f6964d92438366265376561652d353932382d343261632d623232332d316162363763376237376237a86f72675f6e616d65af4d79204f7267616e697a6174696f6e99cd07ea16161d18ce34299693000000	2026-01-22 22:29:24.87514+00
\.


--
-- Name: _sqlx_migrations _sqlx_migrations_pkey; Type: CONSTRAINT; Schema: public; Owner: postgres
--

ALTER TABLE ONLY public._sqlx_migrations
    ADD CONSTRAINT _sqlx_migrations_pkey PRIMARY KEY (version);


--
-- Name: api_keys api_keys_key_key; Type: CONSTRAINT; Schema: public; Owner: postgres
--

ALTER TABLE ONLY public.api_keys
    ADD CONSTRAINT api_keys_key_key UNIQUE (key);


--
-- Name: api_keys api_keys_pkey; Type: CONSTRAINT; Schema: public; Owner: postgres
--

ALTER TABLE ONLY public.api_keys
    ADD CONSTRAINT api_keys_pkey PRIMARY KEY (id);


--
-- Name: bindings bindings_pkey; Type: CONSTRAINT; Schema: public; Owner: postgres
--

ALTER TABLE ONLY public.bindings
    ADD CONSTRAINT bindings_pkey PRIMARY KEY (id);


--
-- Name: daemons daemons_pkey; Type: CONSTRAINT; Schema: public; Owner: postgres
--

ALTER TABLE ONLY public.daemons
    ADD CONSTRAINT daemons_pkey PRIMARY KEY (id);


--
-- Name: discovery discovery_pkey; Type: CONSTRAINT; Schema: public; Owner: postgres
--

ALTER TABLE ONLY public.discovery
    ADD CONSTRAINT discovery_pkey PRIMARY KEY (id);


--
-- Name: entity_tags entity_tags_entity_id_entity_type_tag_id_key; Type: CONSTRAINT; Schema: public; Owner: postgres
--

ALTER TABLE ONLY public.entity_tags
    ADD CONSTRAINT entity_tags_entity_id_entity_type_tag_id_key UNIQUE (entity_id, entity_type, tag_id);


--
-- Name: entity_tags entity_tags_pkey; Type: CONSTRAINT; Schema: public; Owner: postgres
--

ALTER TABLE ONLY public.entity_tags
    ADD CONSTRAINT entity_tags_pkey PRIMARY KEY (id);


--
-- Name: group_bindings group_bindings_group_id_binding_id_key; Type: CONSTRAINT; Schema: public; Owner: postgres
--

ALTER TABLE ONLY public.group_bindings
    ADD CONSTRAINT group_bindings_group_id_binding_id_key UNIQUE (group_id, binding_id);


--
-- Name: group_bindings group_bindings_pkey; Type: CONSTRAINT; Schema: public; Owner: postgres
--

ALTER TABLE ONLY public.group_bindings
    ADD CONSTRAINT group_bindings_pkey PRIMARY KEY (id);


--
-- Name: groups groups_pkey; Type: CONSTRAINT; Schema: public; Owner: postgres
--

ALTER TABLE ONLY public.groups
    ADD CONSTRAINT groups_pkey PRIMARY KEY (id);


--
-- Name: hosts hosts_pkey; Type: CONSTRAINT; Schema: public; Owner: postgres
--

ALTER TABLE ONLY public.hosts
    ADD CONSTRAINT hosts_pkey PRIMARY KEY (id);


--
-- Name: interfaces interfaces_host_id_subnet_id_ip_address_key; Type: CONSTRAINT; Schema: public; Owner: postgres
--

ALTER TABLE ONLY public.interfaces
    ADD CONSTRAINT interfaces_host_id_subnet_id_ip_address_key UNIQUE (host_id, subnet_id, ip_address);


--
-- Name: interfaces interfaces_pkey; Type: CONSTRAINT; Schema: public; Owner: postgres
--

ALTER TABLE ONLY public.interfaces
    ADD CONSTRAINT interfaces_pkey PRIMARY KEY (id);


--
-- Name: invites invites_pkey; Type: CONSTRAINT; Schema: public; Owner: postgres
--

ALTER TABLE ONLY public.invites
    ADD CONSTRAINT invites_pkey PRIMARY KEY (id);


--
-- Name: networks networks_pkey; Type: CONSTRAINT; Schema: public; Owner: postgres
--

ALTER TABLE ONLY public.networks
    ADD CONSTRAINT networks_pkey PRIMARY KEY (id);


--
-- Name: organizations organizations_pkey; Type: CONSTRAINT; Schema: public; Owner: postgres
--

ALTER TABLE ONLY public.organizations
    ADD CONSTRAINT organizations_pkey PRIMARY KEY (id);


--
-- Name: ports ports_host_id_port_number_protocol_key; Type: CONSTRAINT; Schema: public; Owner: postgres
--

ALTER TABLE ONLY public.ports
    ADD CONSTRAINT ports_host_id_port_number_protocol_key UNIQUE (host_id, port_number, protocol);


--
-- Name: ports ports_pkey; Type: CONSTRAINT; Schema: public; Owner: postgres
--

ALTER TABLE ONLY public.ports
    ADD CONSTRAINT ports_pkey PRIMARY KEY (id);


--
-- Name: services services_pkey; Type: CONSTRAINT; Schema: public; Owner: postgres
--

ALTER TABLE ONLY public.services
    ADD CONSTRAINT services_pkey PRIMARY KEY (id);


--
-- Name: shares shares_pkey; Type: CONSTRAINT; Schema: public; Owner: postgres
--

ALTER TABLE ONLY public.shares
    ADD CONSTRAINT shares_pkey PRIMARY KEY (id);


--
-- Name: subnets subnets_pkey; Type: CONSTRAINT; Schema: public; Owner: postgres
--

ALTER TABLE ONLY public.subnets
    ADD CONSTRAINT subnets_pkey PRIMARY KEY (id);


--
-- Name: tags tags_pkey; Type: CONSTRAINT; Schema: public; Owner: postgres
--

ALTER TABLE ONLY public.tags
    ADD CONSTRAINT tags_pkey PRIMARY KEY (id);


--
-- Name: topologies topologies_pkey; Type: CONSTRAINT; Schema: public; Owner: postgres
--

ALTER TABLE ONLY public.topologies
    ADD CONSTRAINT topologies_pkey PRIMARY KEY (id);


--
-- Name: user_api_key_network_access user_api_key_network_access_api_key_id_network_id_key; Type: CONSTRAINT; Schema: public; Owner: postgres
--

ALTER TABLE ONLY public.user_api_key_network_access
    ADD CONSTRAINT user_api_key_network_access_api_key_id_network_id_key UNIQUE (api_key_id, network_id);


--
-- Name: user_api_key_network_access user_api_key_network_access_pkey; Type: CONSTRAINT; Schema: public; Owner: postgres
--

ALTER TABLE ONLY public.user_api_key_network_access
    ADD CONSTRAINT user_api_key_network_access_pkey PRIMARY KEY (id);


--
-- Name: user_api_keys user_api_keys_key_key; Type: CONSTRAINT; Schema: public; Owner: postgres
--

ALTER TABLE ONLY public.user_api_keys
    ADD CONSTRAINT user_api_keys_key_key UNIQUE (key);


--
-- Name: user_api_keys user_api_keys_pkey; Type: CONSTRAINT; Schema: public; Owner: postgres
--

ALTER TABLE ONLY public.user_api_keys
    ADD CONSTRAINT user_api_keys_pkey PRIMARY KEY (id);


--
-- Name: user_network_access user_network_access_pkey; Type: CONSTRAINT; Schema: public; Owner: postgres
--

ALTER TABLE ONLY public.user_network_access
    ADD CONSTRAINT user_network_access_pkey PRIMARY KEY (id);


--
-- Name: user_network_access user_network_access_user_id_network_id_key; Type: CONSTRAINT; Schema: public; Owner: postgres
--

ALTER TABLE ONLY public.user_network_access
    ADD CONSTRAINT user_network_access_user_id_network_id_key UNIQUE (user_id, network_id);


--
-- Name: users users_pkey; Type: CONSTRAINT; Schema: public; Owner: postgres
--

ALTER TABLE ONLY public.users
    ADD CONSTRAINT users_pkey PRIMARY KEY (id);


--
-- Name: session session_pkey; Type: CONSTRAINT; Schema: tower_sessions; Owner: postgres
--

ALTER TABLE ONLY tower_sessions.session
    ADD CONSTRAINT session_pkey PRIMARY KEY (id);


--
-- Name: idx_api_keys_key; Type: INDEX; Schema: public; Owner: postgres
--

CREATE INDEX idx_api_keys_key ON public.api_keys USING btree (key);


--
-- Name: idx_api_keys_network; Type: INDEX; Schema: public; Owner: postgres
--

CREATE INDEX idx_api_keys_network ON public.api_keys USING btree (network_id);


--
-- Name: idx_bindings_interface; Type: INDEX; Schema: public; Owner: postgres
--

CREATE INDEX idx_bindings_interface ON public.bindings USING btree (interface_id);


--
-- Name: idx_bindings_network; Type: INDEX; Schema: public; Owner: postgres
--

CREATE INDEX idx_bindings_network ON public.bindings USING btree (network_id);


--
-- Name: idx_bindings_port; Type: INDEX; Schema: public; Owner: postgres
--

CREATE INDEX idx_bindings_port ON public.bindings USING btree (port_id);


--
-- Name: idx_bindings_service; Type: INDEX; Schema: public; Owner: postgres
--

CREATE INDEX idx_bindings_service ON public.bindings USING btree (service_id);


--
-- Name: idx_daemon_host_id; Type: INDEX; Schema: public; Owner: postgres
--

CREATE INDEX idx_daemon_host_id ON public.daemons USING btree (host_id);


--
-- Name: idx_daemons_network; Type: INDEX; Schema: public; Owner: postgres
--

CREATE INDEX idx_daemons_network ON public.daemons USING btree (network_id);


--
-- Name: idx_discovery_daemon; Type: INDEX; Schema: public; Owner: postgres
--

CREATE INDEX idx_discovery_daemon ON public.discovery USING btree (daemon_id);


--
-- Name: idx_discovery_network; Type: INDEX; Schema: public; Owner: postgres
--

CREATE INDEX idx_discovery_network ON public.discovery USING btree (network_id);


--
-- Name: idx_entity_tags_entity; Type: INDEX; Schema: public; Owner: postgres
--

CREATE INDEX idx_entity_tags_entity ON public.entity_tags USING btree (entity_id, entity_type);


--
-- Name: idx_entity_tags_tag_id; Type: INDEX; Schema: public; Owner: postgres
--

CREATE INDEX idx_entity_tags_tag_id ON public.entity_tags USING btree (tag_id);


--
-- Name: idx_group_bindings_binding; Type: INDEX; Schema: public; Owner: postgres
--

CREATE INDEX idx_group_bindings_binding ON public.group_bindings USING btree (binding_id);


--
-- Name: idx_group_bindings_group; Type: INDEX; Schema: public; Owner: postgres
--

CREATE INDEX idx_group_bindings_group ON public.group_bindings USING btree (group_id);


--
-- Name: idx_groups_network; Type: INDEX; Schema: public; Owner: postgres
--

CREATE INDEX idx_groups_network ON public.groups USING btree (network_id);


--
-- Name: idx_hosts_network; Type: INDEX; Schema: public; Owner: postgres
--

CREATE INDEX idx_hosts_network ON public.hosts USING btree (network_id);


--
-- Name: idx_interfaces_host; Type: INDEX; Schema: public; Owner: postgres
--

CREATE INDEX idx_interfaces_host ON public.interfaces USING btree (host_id);


--
-- Name: idx_interfaces_host_mac; Type: INDEX; Schema: public; Owner: postgres
--

CREATE INDEX idx_interfaces_host_mac ON public.interfaces USING btree (host_id, mac_address) WHERE (mac_address IS NOT NULL);


--
-- Name: idx_interfaces_network; Type: INDEX; Schema: public; Owner: postgres
--

CREATE INDEX idx_interfaces_network ON public.interfaces USING btree (network_id);


--
-- Name: idx_interfaces_subnet; Type: INDEX; Schema: public; Owner: postgres
--

CREATE INDEX idx_interfaces_subnet ON public.interfaces USING btree (subnet_id);


--
-- Name: idx_invites_expires_at; Type: INDEX; Schema: public; Owner: postgres
--

CREATE INDEX idx_invites_expires_at ON public.invites USING btree (expires_at);


--
-- Name: idx_invites_organization; Type: INDEX; Schema: public; Owner: postgres
--

CREATE INDEX idx_invites_organization ON public.invites USING btree (organization_id);


--
-- Name: idx_networks_owner_organization; Type: INDEX; Schema: public; Owner: postgres
--

CREATE INDEX idx_networks_owner_organization ON public.networks USING btree (organization_id);


--
-- Name: idx_organizations_stripe_customer; Type: INDEX; Schema: public; Owner: postgres
--

CREATE INDEX idx_organizations_stripe_customer ON public.organizations USING btree (stripe_customer_id);


--
-- Name: idx_ports_host; Type: INDEX; Schema: public; Owner: postgres
--

CREATE INDEX idx_ports_host ON public.ports USING btree (host_id);


--
-- Name: idx_ports_network; Type: INDEX; Schema: public; Owner: postgres
--

CREATE INDEX idx_ports_network ON public.ports USING btree (network_id);


--
-- Name: idx_ports_number; Type: INDEX; Schema: public; Owner: postgres
--

CREATE INDEX idx_ports_number ON public.ports USING btree (port_number);


--
-- Name: idx_services_host_id; Type: INDEX; Schema: public; Owner: postgres
--

CREATE INDEX idx_services_host_id ON public.services USING btree (host_id);


--
-- Name: idx_services_host_position; Type: INDEX; Schema: public; Owner: postgres
--

CREATE INDEX idx_services_host_position ON public.services USING btree (host_id, "position");


--
-- Name: idx_services_network; Type: INDEX; Schema: public; Owner: postgres
--

CREATE INDEX idx_services_network ON public.services USING btree (network_id);


--
-- Name: idx_shares_enabled; Type: INDEX; Schema: public; Owner: postgres
--

CREATE INDEX idx_shares_enabled ON public.shares USING btree (is_enabled) WHERE (is_enabled = true);


--
-- Name: idx_shares_network; Type: INDEX; Schema: public; Owner: postgres
--

CREATE INDEX idx_shares_network ON public.shares USING btree (network_id);


--
-- Name: idx_shares_topology; Type: INDEX; Schema: public; Owner: postgres
--

CREATE INDEX idx_shares_topology ON public.shares USING btree (topology_id);


--
-- Name: idx_subnets_network; Type: INDEX; Schema: public; Owner: postgres
--

CREATE INDEX idx_subnets_network ON public.subnets USING btree (network_id);


--
-- Name: idx_tags_org_name; Type: INDEX; Schema: public; Owner: postgres
--

CREATE UNIQUE INDEX idx_tags_org_name ON public.tags USING btree (organization_id, name);


--
-- Name: idx_tags_organization; Type: INDEX; Schema: public; Owner: postgres
--

CREATE INDEX idx_tags_organization ON public.tags USING btree (organization_id);


--
-- Name: idx_topologies_network; Type: INDEX; Schema: public; Owner: postgres
--

CREATE INDEX idx_topologies_network ON public.topologies USING btree (network_id);


--
-- Name: idx_user_api_key_network_access_key; Type: INDEX; Schema: public; Owner: postgres
--

CREATE INDEX idx_user_api_key_network_access_key ON public.user_api_key_network_access USING btree (api_key_id);


--
-- Name: idx_user_api_key_network_access_network; Type: INDEX; Schema: public; Owner: postgres
--

CREATE INDEX idx_user_api_key_network_access_network ON public.user_api_key_network_access USING btree (network_id);


--
-- Name: idx_user_api_keys_key; Type: INDEX; Schema: public; Owner: postgres
--

CREATE INDEX idx_user_api_keys_key ON public.user_api_keys USING btree (key);


--
-- Name: idx_user_api_keys_org; Type: INDEX; Schema: public; Owner: postgres
--

CREATE INDEX idx_user_api_keys_org ON public.user_api_keys USING btree (organization_id);


--
-- Name: idx_user_api_keys_user; Type: INDEX; Schema: public; Owner: postgres
--

CREATE INDEX idx_user_api_keys_user ON public.user_api_keys USING btree (user_id);


--
-- Name: idx_user_network_access_network; Type: INDEX; Schema: public; Owner: postgres
--

CREATE INDEX idx_user_network_access_network ON public.user_network_access USING btree (network_id);


--
-- Name: idx_user_network_access_user; Type: INDEX; Schema: public; Owner: postgres
--

CREATE INDEX idx_user_network_access_user ON public.user_network_access USING btree (user_id);


--
-- Name: idx_users_email_lower; Type: INDEX; Schema: public; Owner: postgres
--

CREATE UNIQUE INDEX idx_users_email_lower ON public.users USING btree (lower(email));


--
-- Name: idx_users_email_verification_token; Type: INDEX; Schema: public; Owner: postgres
--

CREATE INDEX idx_users_email_verification_token ON public.users USING btree (email_verification_token) WHERE (email_verification_token IS NOT NULL);


--
-- Name: idx_users_oidc_provider_subject; Type: INDEX; Schema: public; Owner: postgres
--

CREATE UNIQUE INDEX idx_users_oidc_provider_subject ON public.users USING btree (oidc_provider, oidc_subject) WHERE ((oidc_provider IS NOT NULL) AND (oidc_subject IS NOT NULL));


--
-- Name: idx_users_organization; Type: INDEX; Schema: public; Owner: postgres
--

CREATE INDEX idx_users_organization ON public.users USING btree (organization_id);


--
-- Name: idx_users_password_reset_token; Type: INDEX; Schema: public; Owner: postgres
--

CREATE INDEX idx_users_password_reset_token ON public.users USING btree (password_reset_token) WHERE (password_reset_token IS NOT NULL);


--
-- Name: users reassign_daemons_before_user_delete; Type: TRIGGER; Schema: public; Owner: postgres
--

CREATE TRIGGER reassign_daemons_before_user_delete BEFORE DELETE ON public.users FOR EACH ROW EXECUTE FUNCTION public.reassign_daemons_on_user_delete();


--
-- Name: api_keys api_keys_network_id_fkey; Type: FK CONSTRAINT; Schema: public; Owner: postgres
--

ALTER TABLE ONLY public.api_keys
    ADD CONSTRAINT api_keys_network_id_fkey FOREIGN KEY (network_id) REFERENCES public.networks(id) ON DELETE CASCADE;


--
-- Name: bindings bindings_interface_id_fkey; Type: FK CONSTRAINT; Schema: public; Owner: postgres
--

ALTER TABLE ONLY public.bindings
    ADD CONSTRAINT bindings_interface_id_fkey FOREIGN KEY (interface_id) REFERENCES public.interfaces(id) ON DELETE CASCADE;


--
-- Name: bindings bindings_network_id_fkey; Type: FK CONSTRAINT; Schema: public; Owner: postgres
--

ALTER TABLE ONLY public.bindings
    ADD CONSTRAINT bindings_network_id_fkey FOREIGN KEY (network_id) REFERENCES public.networks(id) ON DELETE CASCADE;


--
-- Name: bindings bindings_port_id_fkey; Type: FK CONSTRAINT; Schema: public; Owner: postgres
--

ALTER TABLE ONLY public.bindings
    ADD CONSTRAINT bindings_port_id_fkey FOREIGN KEY (port_id) REFERENCES public.ports(id) ON DELETE CASCADE;


--
-- Name: bindings bindings_service_id_fkey; Type: FK CONSTRAINT; Schema: public; Owner: postgres
--

ALTER TABLE ONLY public.bindings
    ADD CONSTRAINT bindings_service_id_fkey FOREIGN KEY (service_id) REFERENCES public.services(id) ON DELETE CASCADE;


--
-- Name: daemons daemons_network_id_fkey; Type: FK CONSTRAINT; Schema: public; Owner: postgres
--

ALTER TABLE ONLY public.daemons
    ADD CONSTRAINT daemons_network_id_fkey FOREIGN KEY (network_id) REFERENCES public.networks(id) ON DELETE CASCADE;


--
-- Name: daemons daemons_user_id_fkey; Type: FK CONSTRAINT; Schema: public; Owner: postgres
--

ALTER TABLE ONLY public.daemons
    ADD CONSTRAINT daemons_user_id_fkey FOREIGN KEY (user_id) REFERENCES public.users(id);


--
-- Name: discovery discovery_daemon_id_fkey; Type: FK CONSTRAINT; Schema: public; Owner: postgres
--

ALTER TABLE ONLY public.discovery
    ADD CONSTRAINT discovery_daemon_id_fkey FOREIGN KEY (daemon_id) REFERENCES public.daemons(id) ON DELETE CASCADE;


--
-- Name: discovery discovery_network_id_fkey; Type: FK CONSTRAINT; Schema: public; Owner: postgres
--

ALTER TABLE ONLY public.discovery
    ADD CONSTRAINT discovery_network_id_fkey FOREIGN KEY (network_id) REFERENCES public.networks(id) ON DELETE CASCADE;


--
-- Name: entity_tags entity_tags_tag_id_fkey; Type: FK CONSTRAINT; Schema: public; Owner: postgres
--

ALTER TABLE ONLY public.entity_tags
    ADD CONSTRAINT entity_tags_tag_id_fkey FOREIGN KEY (tag_id) REFERENCES public.tags(id) ON DELETE CASCADE;


--
-- Name: group_bindings group_bindings_binding_id_fkey; Type: FK CONSTRAINT; Schema: public; Owner: postgres
--

ALTER TABLE ONLY public.group_bindings
    ADD CONSTRAINT group_bindings_binding_id_fkey FOREIGN KEY (binding_id) REFERENCES public.bindings(id) ON DELETE CASCADE;


--
-- Name: group_bindings group_bindings_group_id_fkey; Type: FK CONSTRAINT; Schema: public; Owner: postgres
--

ALTER TABLE ONLY public.group_bindings
    ADD CONSTRAINT group_bindings_group_id_fkey FOREIGN KEY (group_id) REFERENCES public.groups(id) ON DELETE CASCADE;


--
-- Name: groups groups_network_id_fkey; Type: FK CONSTRAINT; Schema: public; Owner: postgres
--

ALTER TABLE ONLY public.groups
    ADD CONSTRAINT groups_network_id_fkey FOREIGN KEY (network_id) REFERENCES public.networks(id) ON DELETE CASCADE;


--
-- Name: hosts hosts_network_id_fkey; Type: FK CONSTRAINT; Schema: public; Owner: postgres
--

ALTER TABLE ONLY public.hosts
    ADD CONSTRAINT hosts_network_id_fkey FOREIGN KEY (network_id) REFERENCES public.networks(id) ON DELETE CASCADE;


--
-- Name: interfaces interfaces_host_id_fkey; Type: FK CONSTRAINT; Schema: public; Owner: postgres
--

ALTER TABLE ONLY public.interfaces
    ADD CONSTRAINT interfaces_host_id_fkey FOREIGN KEY (host_id) REFERENCES public.hosts(id) ON DELETE CASCADE;


--
-- Name: interfaces interfaces_network_id_fkey; Type: FK CONSTRAINT; Schema: public; Owner: postgres
--

ALTER TABLE ONLY public.interfaces
    ADD CONSTRAINT interfaces_network_id_fkey FOREIGN KEY (network_id) REFERENCES public.networks(id) ON DELETE CASCADE;


--
-- Name: interfaces interfaces_subnet_id_fkey; Type: FK CONSTRAINT; Schema: public; Owner: postgres
--

ALTER TABLE ONLY public.interfaces
    ADD CONSTRAINT interfaces_subnet_id_fkey FOREIGN KEY (subnet_id) REFERENCES public.subnets(id) ON DELETE CASCADE;


--
-- Name: invites invites_created_by_fkey; Type: FK CONSTRAINT; Schema: public; Owner: postgres
--

ALTER TABLE ONLY public.invites
    ADD CONSTRAINT invites_created_by_fkey FOREIGN KEY (created_by) REFERENCES public.users(id) ON DELETE CASCADE;


--
-- Name: invites invites_organization_id_fkey; Type: FK CONSTRAINT; Schema: public; Owner: postgres
--

ALTER TABLE ONLY public.invites
    ADD CONSTRAINT invites_organization_id_fkey FOREIGN KEY (organization_id) REFERENCES public.organizations(id) ON DELETE CASCADE;


--
-- Name: networks organization_id_fkey; Type: FK CONSTRAINT; Schema: public; Owner: postgres
--

ALTER TABLE ONLY public.networks
    ADD CONSTRAINT organization_id_fkey FOREIGN KEY (organization_id) REFERENCES public.organizations(id) ON DELETE CASCADE;


--
-- Name: ports ports_host_id_fkey; Type: FK CONSTRAINT; Schema: public; Owner: postgres
--

ALTER TABLE ONLY public.ports
    ADD CONSTRAINT ports_host_id_fkey FOREIGN KEY (host_id) REFERENCES public.hosts(id) ON DELETE CASCADE;


--
-- Name: ports ports_network_id_fkey; Type: FK CONSTRAINT; Schema: public; Owner: postgres
--

ALTER TABLE ONLY public.ports
    ADD CONSTRAINT ports_network_id_fkey FOREIGN KEY (network_id) REFERENCES public.networks(id) ON DELETE CASCADE;


--
-- Name: services services_host_id_fkey; Type: FK CONSTRAINT; Schema: public; Owner: postgres
--

ALTER TABLE ONLY public.services
    ADD CONSTRAINT services_host_id_fkey FOREIGN KEY (host_id) REFERENCES public.hosts(id) ON DELETE CASCADE;


--
-- Name: services services_network_id_fkey; Type: FK CONSTRAINT; Schema: public; Owner: postgres
--

ALTER TABLE ONLY public.services
    ADD CONSTRAINT services_network_id_fkey FOREIGN KEY (network_id) REFERENCES public.networks(id) ON DELETE CASCADE;


--
-- Name: shares shares_created_by_fkey; Type: FK CONSTRAINT; Schema: public; Owner: postgres
--

ALTER TABLE ONLY public.shares
    ADD CONSTRAINT shares_created_by_fkey FOREIGN KEY (created_by) REFERENCES public.users(id) ON DELETE CASCADE;


--
-- Name: shares shares_network_id_fkey; Type: FK CONSTRAINT; Schema: public; Owner: postgres
--

ALTER TABLE ONLY public.shares
    ADD CONSTRAINT shares_network_id_fkey FOREIGN KEY (network_id) REFERENCES public.networks(id) ON DELETE CASCADE;


--
-- Name: shares shares_topology_id_fkey; Type: FK CONSTRAINT; Schema: public; Owner: postgres
--

ALTER TABLE ONLY public.shares
    ADD CONSTRAINT shares_topology_id_fkey FOREIGN KEY (topology_id) REFERENCES public.topologies(id) ON DELETE CASCADE;


--
-- Name: subnets subnets_network_id_fkey; Type: FK CONSTRAINT; Schema: public; Owner: postgres
--

ALTER TABLE ONLY public.subnets
    ADD CONSTRAINT subnets_network_id_fkey FOREIGN KEY (network_id) REFERENCES public.networks(id) ON DELETE CASCADE;


--
-- Name: tags tags_organization_id_fkey; Type: FK CONSTRAINT; Schema: public; Owner: postgres
--

ALTER TABLE ONLY public.tags
    ADD CONSTRAINT tags_organization_id_fkey FOREIGN KEY (organization_id) REFERENCES public.organizations(id) ON DELETE CASCADE;


--
-- Name: topologies topologies_network_id_fkey; Type: FK CONSTRAINT; Schema: public; Owner: postgres
--

ALTER TABLE ONLY public.topologies
    ADD CONSTRAINT topologies_network_id_fkey FOREIGN KEY (network_id) REFERENCES public.networks(id) ON DELETE CASCADE;


--
-- Name: user_api_key_network_access user_api_key_network_access_api_key_id_fkey; Type: FK CONSTRAINT; Schema: public; Owner: postgres
--

ALTER TABLE ONLY public.user_api_key_network_access
    ADD CONSTRAINT user_api_key_network_access_api_key_id_fkey FOREIGN KEY (api_key_id) REFERENCES public.user_api_keys(id) ON DELETE CASCADE;


--
-- Name: user_api_key_network_access user_api_key_network_access_network_id_fkey; Type: FK CONSTRAINT; Schema: public; Owner: postgres
--

ALTER TABLE ONLY public.user_api_key_network_access
    ADD CONSTRAINT user_api_key_network_access_network_id_fkey FOREIGN KEY (network_id) REFERENCES public.networks(id) ON DELETE CASCADE;


--
-- Name: user_api_keys user_api_keys_organization_id_fkey; Type: FK CONSTRAINT; Schema: public; Owner: postgres
--

ALTER TABLE ONLY public.user_api_keys
    ADD CONSTRAINT user_api_keys_organization_id_fkey FOREIGN KEY (organization_id) REFERENCES public.organizations(id) ON DELETE CASCADE;


--
-- Name: user_api_keys user_api_keys_user_id_fkey; Type: FK CONSTRAINT; Schema: public; Owner: postgres
--

ALTER TABLE ONLY public.user_api_keys
    ADD CONSTRAINT user_api_keys_user_id_fkey FOREIGN KEY (user_id) REFERENCES public.users(id) ON DELETE CASCADE;


--
-- Name: user_network_access user_network_access_network_id_fkey; Type: FK CONSTRAINT; Schema: public; Owner: postgres
--

ALTER TABLE ONLY public.user_network_access
    ADD CONSTRAINT user_network_access_network_id_fkey FOREIGN KEY (network_id) REFERENCES public.networks(id) ON DELETE CASCADE;


--
-- Name: user_network_access user_network_access_user_id_fkey; Type: FK CONSTRAINT; Schema: public; Owner: postgres
--

ALTER TABLE ONLY public.user_network_access
    ADD CONSTRAINT user_network_access_user_id_fkey FOREIGN KEY (user_id) REFERENCES public.users(id) ON DELETE CASCADE;


--
-- Name: users users_organization_id_fkey; Type: FK CONSTRAINT; Schema: public; Owner: postgres
--

ALTER TABLE ONLY public.users
    ADD CONSTRAINT users_organization_id_fkey FOREIGN KEY (organization_id) REFERENCES public.organizations(id) ON DELETE CASCADE;


--
-- PostgreSQL database dump complete
--

\unrestrict KV9lJVJWe9euFSzRsx9yOADy3A7gXJLOwcDl9XyZjvtHqoYFWXQgYxuf5bJTUWq

